"","week.counter","week","week.first","month","season","year","dark.before.12","tmax.f","tmin.f","precip.in","snow.in","school","total","homicide","shooting","rape","robbery.carjacking","robbery.street","robbery.commercial","robbery.residence","aggravated.assault","assault.by.threat","common.assault","burglary","larceny.from.auto","larceny","auto.theft","arson","northwestern","northern","northeastern","western","central","eastern","southwestern","southern","southeastern","homicide.northwestern","homicide.northern","homicide.northeastern","homicide.western","homicide.central","homicide.eastern","homicide.southwestern","homicide.southern","homicide.southeastern","shooting.northwestern","shooting.northern","shooting.northeastern","shooting.western","shooting.central","shooting.eastern","shooting.southwestern","shooting.southern","shooting.southeastern"
"1",10,9,2010-03-01,3,2,10,5.98285714285714,47.93,35.1371428571429,0.0187457442857143,0,0.714285714285714,862,4,5,3,2,56,5,6,91,18,139,152,113,191,75,2,83,125,163,68,89,76,64,98,96,0,0,1,1,0,1,0,1,0,1,1,1,0,1,0,1,0,0
"2",11,10,2010-03-08,3,2,10,5.72428571428571,57.8685714285714,44.0728571428571,0.378137601428571,0,0.714285714285714,852,1,7,4,4,57,10,6,93,13,166,155,103,162,65,6,82,116,150,72,98,70,59,105,99,0,1,0,0,0,0,0,0,0,1,0,0,0,0,2,0,0,4
"3",12,11,2010-03-15,3,2,10,4.73285714285714,67.3442857142857,46.8114285714286,0.0151855714285714,0,0.714285714285714,974,6,15,2,5,41,10,10,132,20,232,156,106,179,52,8,112,128,145,97,128,78,85,106,94,1,1,2,1,0,1,0,0,0,2,0,4,2,0,0,0,2,5
"4",13,12,2010-03-22,3,2,10,4.61857142857143,60.35,43.9314285714286,0.166197642857143,0,0.714285714285714,896,4,3,2,0,41,3,8,97,19,168,150,125,183,87,6,94,112,131,78,92,64,73,148,103,0,0,1,1,0,2,0,0,0,0,1,0,1,0,0,0,1,0
"5",14,13,2010-03-29,3,2,10,4.51714285714286,67.5628571428571,50.7457142857143,0.120640928571429,0,0,1020,1,6,2,3,42,12,15,148,13,179,161,136,197,96,9,100,116,150,71,123,81,83,185,111,0,0,0,0,0,0,1,0,0,1,0,1,2,0,1,0,1,0
"6",15,14,2010-04-05,4,2,10,4.4,81.7828571428571,54.86,0.0931719171428571,0,0.571428571428571,1038,6,12,3,4,61,9,8,150,9,201,158,120,207,77,13,109,105,147,81,121,76,105,144,149,1,3,1,0,0,1,0,0,0,2,0,4,1,0,0,3,1,1
"7",16,15,2010-04-12,4,2,10,4.28285714285714,67.9871428571429,47.0042857142857,0.0183689171428571,0,0.714285714285714,924,5,8,5,2,49,8,10,107,17,186,151,123,182,63,8,87,91,160,61,121,59,70,121,154,2,0,0,0,0,3,0,0,0,3,0,0,1,0,3,0,1,0
"8",17,16,2010-04-19,4,2,10,4.16714285714286,66.92,48.5342857142857,0.164229142857143,0,0.714285714285714,995,1,4,3,2,53,18,9,113,16,182,162,140,211,72,9,78,101,183,113,138,82,80,104,116,0,0,0,1,0,0,0,0,0,1,0,1,2,0,0,0,0,0
"9",18,17,2010-04-26,4,2,10,4.05,71.9471428571429,51.1314285714286,0.177631815714286,0,0.714285714285714,1019,4,11,3,4,46,6,16,120,18,201,154,146,214,71,5,88,111,172,83,150,73,89,139,114,1,1,0,1,0,0,0,1,0,2,0,4,4,0,0,0,1,0
"10",19,18,2010-05-03,5,2,10,3.93285714285714,78.4142857142857,59.1414285714286,0.0376827142857143,0,0.714285714285714,1074,8,14,6,5,36,3,15,134,18,199,172,148,203,98,15,102,123,148,100,149,66,93,159,134,0,0,3,2,0,1,1,1,0,2,2,4,1,0,1,4,0,0
"11",20,19,2010-05-10,5,2,10,3.82428571428571,68.9128571428571,52.0828571428571,0.119043631428571,0,0.714285714285714,1023,3,9,2,3,46,6,13,114,13,200,141,174,196,94,9,92,118,142,92,158,73,108,136,104,2,0,1,0,0,0,0,0,0,1,2,0,2,1,2,0,1,0
"12",21,20,2010-05-17,5,2,10,3.71857142857143,71.9214285714286,55.8371428571429,0.10161397,0,0.714285714285714,1034,3,6,7,7,54,5,6,113,20,199,144,166,200,93,11,123,109,138,86,182,81,74,131,109,1,0,0,0,0,0,1,0,1,0,1,1,1,1,1,0,0,1
"13",22,21,2010-05-24,5,2,10,3.62142857142857,83.6471428571429,64.7857142857143,0.114549827142857,0,0.714285714285714,1013,7,10,3,1,70,5,9,106,13,241,127,143,186,89,3,103,110,158,91,142,64,90,133,121,0,0,0,0,0,2,3,1,1,1,1,2,2,0,0,3,1,0
"14",23,22,2010-05-31,5,2,10,3.53714285714286,89.69,69.4914285714286,0.00862203,0,0.571428571428571,988,6,9,5,2,44,6,11,140,18,196,119,113,221,89,9,106,110,156,84,124,66,92,149,100,0,0,3,2,0,0,0,1,0,0,1,2,0,2,0,1,3,0
"15",24,23,2010-06-07,6,3,10,3.47142857142857,81.9885714285714,65.0814285714286,0.0472496242857143,0,0.571428571428571,928,4,3,4,4,31,5,6,139,15,166,122,124,212,87,6,88,102,123,77,151,61,80,129,117,0,0,0,0,1,0,1,0,2,1,0,0,1,0,0,1,0,0
"16",25,24,2010-06-14,6,3,10,3.41714285714286,87.4142857142857,71.5485714285714,0.0573677142857143,0,0,1013,4,14,5,0,40,5,11,132,12,181,176,123,214,93,3,96,113,124,101,140,76,79,142,142,0,0,0,2,0,1,0,1,0,1,2,3,1,0,5,0,1,1
"17",26,25,2010-06-21,6,3,10,3.38857142857143,94.55,74.3642857142857,0,0,0,951,5,11,7,5,30,9,6,131,11,188,139,118,181,103,7,90,108,119,91,141,76,80,133,113,1,0,0,0,1,0,1,0,2,1,3,0,0,2,2,0,3,0
"18",27,26,2010-06-28,6,3,10,3.38857142857143,85.9742857142857,66.7014285714286,0.00562428571428571,0,0,1035,8,13,5,8,51,10,7,128,11,157,189,143,208,88,9,123,108,141,95,121,95,107,131,114,1,0,1,1,2,3,0,0,0,2,0,0,7,0,4,0,0,0
"19",28,27,2010-07-05,7,3,10,3.41714285714286,92.2871428571429,74.2742857142857,0.0292462857142857,0,0,1012,4,13,10,2,68,16,11,112,9,160,144,167,192,99,5,108,128,133,86,131,90,91,112,133,1,1,1,0,0,1,0,0,0,2,1,2,1,2,0,1,1,3
"20",29,28,2010-07-12,7,3,10,3.47142857142857,88.0957142857143,71.8442857142857,0.725060417142857,0,0,1039,2,14,13,3,72,14,7,111,9,180,159,157,190,106,2,74,110,151,96,148,81,109,137,133,1,1,0,0,0,0,0,0,0,0,2,0,3,1,5,1,2,0
"21",30,29,2010-07-19,7,3,10,3.54571428571429,92.6214285714286,75.4571428571429,0.11145647,0,0,960,7,9,8,3,51,14,5,116,12,156,140,133,195,106,5,102,109,151,83,108,74,104,112,116,0,1,1,1,0,2,0,1,1,1,1,2,2,0,0,2,1,0
"22",31,30,2010-07-26,7,3,10,3.65,86.0128571428571,69.2857142857143,0.150027821428571,0,0,1031,7,5,10,3,70,16,4,123,12,183,171,126,194,100,7,100,98,152,93,147,68,99,131,142,2,1,1,0,0,2,1,0,0,0,0,0,3,0,0,0,1,1
"23",32,31,2010-08-02,8,3,10,3.76714285714286,86.36,71.2142857142857,0.02681097,0,0,1027,5,11,7,3,58,8,14,131,14,163,167,150,186,106,4,111,119,141,92,134,74,88,131,136,0,0,1,0,1,1,1,1,0,3,0,0,1,1,1,1,0,4
"24",33,32,2010-08-09,8,3,10,3.90714285714286,85.5885714285714,71.7928571428571,0.451956351428571,0,0,1061,7,10,2,3,90,13,19,119,8,178,152,140,194,116,10,98,122,156,78,141,97,93,138,138,1,0,1,1,0,3,0,1,0,0,1,4,0,1,2,0,1,1
"25",34,33,2010-08-16,8,3,10,4.06428571428571,84.6371428571429,70.9571428571429,0.132547541428571,0,0,1022,4,11,3,3,68,10,11,111,16,148,154,188,195,98,2,88,112,140,102,132,79,78,164,127,1,0,0,0,1,0,0,0,2,0,0,0,5,2,1,1,1,1
"26",35,34,2010-08-23,8,3,10,4.22714285714286,80.2785714285714,65.3514285714286,0.00717096428571429,0,0,1080,2,9,4,5,51,5,11,137,14,159,178,192,210,94,9,91,115,162,80,154,75,89,172,142,0,0,0,0,0,1,0,1,0,0,0,3,0,0,0,3,2,1
"27",36,35,2010-08-30,8,3,10,4.40857142857143,88.4942857142857,69.2085714285714,0,0,0.714285714285714,994,6,8,10,1,42,5,11,119,12,169,159,167,199,78,8,94,121,137,87,129,81,75,156,112,0,0,1,3,1,0,1,0,0,0,0,0,3,0,1,3,1,0
"28",37,36,2010-09-06,9,4,10,4.59571428571429,79.79,60.98,0.0778963571428572,0,0.571428571428571,896,3,8,5,2,51,12,10,105,14,161,144,142,151,84,4,84,90,118,110,98,73,80,130,113,0,1,0,1,0,0,1,0,0,0,0,1,3,1,1,1,1,0
"29",38,37,2010-09-13,9,4,10,4.78285714285714,78.08,58.7557142857143,0.0660853571428571,0,0.571428571428571,973,5,7,5,4,52,13,8,114,12,202,151,124,193,74,9,93,104,134,109,120,90,74,126,123,1,0,0,1,0,2,0,0,1,1,0,0,2,1,1,1,1,0
"30",39,38,2010-09-20,9,4,10,4.97428571428571,83.2228571428572,62.42,0.01499997,0,0.714285714285714,1049,3,12,6,5,41,4,3,120,13,208,166,145,217,96,10,110,84,141,110,122,102,98,140,141,1,0,1,0,0,1,0,0,0,4,0,2,0,0,2,1,3,0
"31",40,39,2010-09-27,9,4,10,5.16428571428571,72.0757142857143,57.4314285714286,1.04522850571429,0,0.714285714285714,1053,3,4,8,11,64,9,8,97,16,168,183,146,221,107,8,135,104,174,91,99,90,80,133,147,0,0,1,2,0,0,0,0,0,1,0,0,0,0,2,1,0,0
"32",41,40,2010-10-04,10,4,10,5.34714285714286,66.1357142857143,50.7071428571429,0.113278738571429,0,0.714285714285714,951,8,8,5,3,46,8,18,119,9,176,129,135,205,79,3,115,103,126,95,103,67,76,118,147,1,0,3,1,0,0,1,2,0,3,0,0,1,0,0,2,1,1
"33",42,41,2010-10-11,10,4,10,5.52285714285714,68.63,51.0028571428571,0.111923285714286,0,0.428571428571429,934,4,9,4,3,48,10,8,127,17,147,126,144,191,93,3,105,99,131,95,105,68,87,141,102,1,1,0,1,0,0,0,0,1,1,0,2,1,0,2,2,0,1
"34",43,42,2010-10-18,10,4,10,5.68857142857143,63.5128571428571,47.3771428571429,0.0636950357142857,0,0.714285714285714,934,2,13,8,6,52,6,8,113,8,163,139,150,166,95,5,106,98,120,100,100,97,72,128,113,0,0,0,1,0,1,0,0,0,3,0,0,2,0,7,1,0,0
"35",44,43,2010-10-25,10,4,10,5.84285714285714,68.1671428571428,52.9828571428571,0.0992686428571429,0,0.714285714285714,1019,8,5,7,2,50,13,7,109,16,200,147,180,183,89,3,103,106,157,95,133,79,86,142,118,3,0,0,2,0,2,0,1,0,1,0,0,1,0,1,1,1,0
"36",45,44,2010-11-01,11,4,10,6.12428571428571,52.1471428571429,38.0428571428571,0.169009785714286,0,0.571428571428571,847,6,3,7,2,37,6,10,71,13,165,143,113,183,81,7,97,80,144,84,91,56,75,125,88,0,0,2,1,1,0,0,2,0,0,1,0,0,0,1,0,1,0
"37",46,45,2010-11-08,11,4,10,7.09571428571429,59.9257142857143,40.3571428571429,0,0,0.714285714285714,1024,3,11,7,5,70,8,11,105,13,188,166,142,202,86,7,108,123,150,89,131,78,85,128,124,0,0,1,1,0,0,0,0,1,1,1,0,1,2,2,2,2,0
"38",47,46,2010-11-15,11,4,10,7.18857142857143,57.2385714285714,42.9285714285714,0.0859109642857143,0,0.714285714285714,959,5,6,2,2,58,8,19,95,12,166,148,168,171,91,8,99,124,144,82,117,78,81,102,130,0,0,1,1,0,1,2,0,0,0,1,2,0,0,0,3,0,0
"39",48,47,2010-11-22,11,4,10,7.25285714285714,54.2814285714286,39.4314285714286,0.0146681371428571,0,0.428571428571429,917,5,9,6,5,48,7,9,83,6,147,175,174,160,78,5,119,99,126,62,95,76,74,156,108,1,0,2,0,0,0,1,1,0,0,0,2,2,1,2,1,0,1
"40",49,48,2010-11-29,11,4,10,7.28857142857143,47.7757142857143,33.0157142857143,0.157013184285714,0,0.714285714285714,907,3,11,5,2,60,7,14,75,9,127,160,160,186,78,10,117,89,145,58,99,83,73,125,113,0,0,1,0,0,1,0,1,0,2,0,0,1,3,2,1,1,1
"41",50,49,2010-12-06,12,1,10,7.3,37.4514285714286,26.42,0.104375494285714,0.0140607142857143,0.714285714285714,829,4,2,4,6,32,14,9,82,14,138,138,158,152,72,4,82,102,130,63,124,59,80,93,88,1,0,1,0,0,0,2,0,0,0,0,0,0,0,0,2,0,0
"42",51,50,2010-12-13,12,1,10,7.27285714285714,32.9385714285714,21.8557142857143,0.0625701785714286,0.136857617172857,0.714285714285714,914,6,8,5,6,50,16,27,91,5,157,149,136,149,104,5,81,103,167,74,101,63,76,138,108,0,1,2,1,0,1,0,0,1,0,0,2,3,0,1,0,0,2
"43",52,51,2010-12-20,12,1,10,7.22428571428571,37.0785714285714,28.0657142857143,0.00150168428571429,0,0.571428571428571,831,5,9,5,3,42,8,9,82,11,122,196,136,130,67,6,92,94,144,64,75,76,80,103,103,1,1,0,1,0,0,1,0,1,0,0,3,2,0,2,1,0,1
"44",53,52,2010-12-27,12,1,10,7.14571428571429,44.3685714285714,27.9114285714286,0.00356579714285714,0.0449942857142857,0,849,4,9,4,2,57,12,5,86,4,125,141,153,171,75,1,92,81,121,78,123,56,64,120,114,0,0,2,0,0,0,0,1,1,1,0,3,2,0,0,0,1,2
"45",54,1,2011-01-03,1,1,11,7.04571428571429,37.22,24.71,0.003937,0.0543680971128571,0.714285714285714,811,4,7,9,1,38,22,12,85,9,161,124,119,161,56,3,82,89,148,63,97,64,94,83,91,0,1,1,2,0,0,0,0,0,0,0,1,1,0,1,3,1,0
"46",55,2,2011-01-10,1,1,11,6.93142857142857,34.2242857142857,23.5785714285714,0.0312147857142857,0.320584285714286,0.714285714285714,755,2,3,4,1,36,18,7,67,8,119,132,114,149,92,3,78,86,124,60,82,59,65,110,91,0,0,1,1,0,0,0,0,0,2,0,1,0,0,0,0,0,0
"47",56,3,2011-01-17,1,1,11,6.8,34.52,24.1442857142857,0.110044774285714,0.298087142857143,0.428571428571429,815,3,8,3,4,49,12,20,103,7,114,168,125,136,60,3,86,97,138,70,89,64,67,111,93,0,0,0,0,0,1,0,2,0,0,0,0,2,1,0,0,5,0
"48",57,4,2011-01-24,1,1,11,6.66428571428571,34.88,24.44,0.239780172857143,1.77165,0.428571428571429,678,3,8,3,1,30,16,16,73,8,105,128,110,115,59,3,57,84,111,58,94,41,58,90,85,0,0,1,0,0,0,0,2,0,0,0,1,1,4,0,2,0,0
"49",58,5,2011-01-31,1,1,11,6.52571428571429,38.6342857142857,27.2814285714286,0.163666714285714,0,0.714285714285714,715,1,1,3,2,24,7,14,81,9,142,120,88,159,61,3,57,60,131,68,103,66,59,83,88,0,0,0,0,0,0,1,0,0,0,1,0,0,0,0,0,0,0
"50",59,6,2011-02-07,2,1,11,6.39,39.7657142857143,22.9357142857143,0.000421821428571429,0.00843642857142857,0.714285714285714,770,3,5,4,3,38,7,6,78,9,137,147,123,147,60,3,69,67,127,66,113,80,55,97,96,1,0,2,0,0,0,0,0,0,0,1,0,0,1,2,0,1,0
"51",60,7,2011-02-14,2,1,11,6.25714285714286,57.9714285714286,35.6,0.000421821428571429,0,0.714285714285714,813,5,6,6,6,27,4,13,80,10,170,149,134,146,55,2,78,66,154,80,99,84,58,80,114,1,0,1,0,0,2,0,1,0,1,0,0,2,1,2,0,0,0
"52",61,8,2011-02-21,2,1,11,6.12571428571429,46.22,28.0014285714286,0.1870075,0.577426668541429,0.571428571428571,765,1,4,3,2,36,10,17,90,11,164,127,110,117,70,3,89,68,133,51,96,76,57,92,103,0,0,0,1,0,0,0,0,0,1,0,1,2,0,0,0,0,0
"53",62,9,2011-02-28,2,1,11,6,53.8442857142857,33.44,0.119701672857143,0,0.714285714285714,942,4,2,7,0,28,14,15,124,19,192,137,137,174,78,11,88,109,181,82,88,89,75,120,110,1,0,0,0,0,1,1,1,0,0,0,0,1,0,1,0,0,0
"54",63,10,2011-03-07,3,2,11,5.74,52.5457142857143,37.2071428571429,0.630718648571429,0,0.714285714285714,896,2,10,7,4,35,25,7,114,22,166,141,138,172,51,2,92,95,155,79,92,72,69,122,120,0,1,0,0,0,0,1,0,0,1,2,1,1,0,0,0,3,2
"55",64,11,2011-03-14,3,2,11,4.75285714285714,60.17,40.0228571428571,0.0888637142857143,0,0.714285714285714,1037,4,14,5,4,36,7,14,133,16,223,132,174,188,84,3,99,93,197,79,149,104,88,128,100,0,0,0,1,1,0,1,1,0,0,0,1,5,3,5,0,0,0
"56",65,12,2011-03-21,3,2,11,4.63285714285714,50.63,36.0885714285714,0.111827672857143,0,0.714285714285714,1027,3,10,8,4,37,13,14,104,13,193,121,193,210,92,12,91,87,195,81,127,92,94,139,120,0,0,1,0,0,2,0,0,0,3,1,3,0,0,2,1,0,0
"57",66,13,2011-03-28,3,2,11,4.53285714285714,48.5857142857143,35.3042857142857,0.0638806371428571,0,0.714285714285714,940,7,4,10,0,44,8,5,108,18,165,150,115,221,76,9,91,78,157,92,113,84,78,133,114,0,1,2,2,1,0,0,1,0,1,0,1,0,0,0,0,0,2
"58",67,14,2011-04-04,4,2,11,4.41714285714286,62.8571428571429,43.2242857142857,0.147778107142857,0,0.714285714285714,947,6,11,8,3,49,9,7,110,19,207,145,134,166,65,8,105,84,160,102,112,72,78,124,109,1,0,1,0,2,0,1,1,0,0,0,1,3,1,1,1,4,0
"59",68,15,2011-04-11,4,2,11,4.3,67.7942857142857,49.7171428571429,0.256326821428571,0,0.714285714285714,964,3,11,9,1,51,14,9,95,15,222,146,141,174,69,4,106,90,157,92,121,74,58,141,125,1,0,0,0,0,1,0,0,1,2,0,0,6,0,2,0,0,1
"60",69,16,2011-04-18,4,2,11,4.18285714285714,73.0785714285714,52.2242857142857,0.170320244285714,0,0,926,11,9,11,6,43,9,11,113,11,177,127,166,158,70,4,87,67,156,85,138,73,91,87,142,1,0,1,3,2,1,3,0,0,1,0,2,0,0,3,1,0,2
"61",70,17,2011-04-25,4,2,11,4.06714285714286,77.5785714285714,62.1628571428571,0.0517490528571429,0,0.428571428571429,1021,6,13,7,1,51,7,13,117,21,206,147,144,188,93,7,98,92,176,78,129,98,85,110,155,0,0,0,2,0,1,1,1,1,1,3,0,0,0,8,0,0,1
"62",71,18,2011-05-02,5,2,11,3.95,70.6357142857143,50.0771428571429,0.109532964285714,0,0.714285714285714,920,1,3,2,5,48,6,12,79,11,203,129,124,213,81,3,76,98,149,74,121,60,90,133,119,0,0,1,0,0,0,0,0,0,1,1,0,0,0,0,0,0,1
"63",72,19,2011-05-09,5,2,11,3.83857142857143,71.9471428571429,56.3,0.0795836428571429,0,0.714285714285714,1052,2,17,9,3,53,9,14,108,18,210,172,145,228,60,4,105,98,179,71,143,95,87,125,149,0,0,1,0,1,0,0,0,0,1,0,3,2,1,3,3,4,0
"64",73,20,2011-05-16,5,2,11,3.73285714285714,73.8371428571429,60.5685714285714,0.208661,0,0.714285714285714,1038,4,6,16,2,47,13,11,105,16,221,164,137,196,91,9,97,106,178,87,129,72,98,127,144,1,0,0,1,0,0,1,1,0,2,0,1,0,1,1,1,0,0
"65",74,21,2011-05-23,5,2,11,3.63571428571429,85.1,68.2057142857143,0.00674914285714286,0,0.714285714285714,1071,5,11,12,5,60,8,11,133,17,224,190,123,197,73,2,98,101,184,93,136,97,120,122,120,1,0,0,1,0,2,0,1,0,1,1,1,3,0,3,2,0,0
"66",75,22,2011-05-30,5,2,11,3.54857142857143,86.6428571428572,67.4342857142857,0,0,0.571428571428571,1019,5,3,5,4,30,5,18,111,10,239,153,117,222,92,5,92,128,168,61,120,103,78,141,128,1,0,2,0,0,1,0,0,1,0,0,0,0,0,2,0,1,0
"67",76,23,2011-06-06,6,3,11,3.47857142857143,90.08,72.185,0.0765858985714286,0,0.571428571428571,975,4,6,5,4,36,12,13,97,12,185,145,139,206,101,10,81,115,161,77,131,73,77,130,128,1,1,0,1,0,0,1,0,0,0,1,2,0,0,1,2,0,0
"68",77,24,2011-06-13,6,3,11,3.42428571428571,83.4542857142857,67.9485714285714,0.0576489285714286,0,0,1010,4,9,5,5,33,10,6,91,12,183,195,158,191,105,3,109,122,165,64,143,77,99,95,136,0,1,0,1,0,1,1,0,0,0,1,2,0,0,1,5,0,0
"69",78,25,2011-06-20,6,3,11,3.39142857142857,85.6528571428571,70.5714285714286,0.0197749885714286,0,0,1060,2,10,4,6,40,10,16,106,10,184,185,171,202,110,4,94,116,200,78,109,102,109,116,136,0,1,1,0,0,0,0,0,0,1,1,2,2,1,0,2,1,0
"70",79,26,2011-06-27,6,3,11,3.38571428571429,86.7714285714286,69.0671428571429,0.102828815714286,0,0,1102,6,6,6,11,51,7,11,92,11,171,185,176,253,108,8,94,101,207,62,169,102,90,109,168,0,0,2,0,1,0,1,1,1,0,1,1,0,1,1,0,2,0
"71",80,27,2011-07-04,7,3,11,3.41285714285714,90.0757142857143,72.3714285714286,0.169009785714286,0,0,1025,6,8,8,4,55,10,17,111,8,181,158,155,224,75,5,84,100,156,83,133,94,93,125,157,0,0,1,0,2,1,1,0,1,0,0,0,0,3,3,0,2,0
"72",81,28,2011-07-11,7,3,11,3.46142857142857,89.2142857142857,70.7257142857143,0.0567152971428572,0,0,1061,5,7,8,2,50,21,11,103,10,165,178,162,218,115,6,105,102,174,76,132,106,92,127,147,0,0,0,1,0,2,1,1,0,1,3,0,0,0,0,0,3,0
"73",82,29,2011-07-18,7,3,11,3.53428571428571,96.1314285714286,78.5942857142857,0.127345077142857,0,0,1033,2,6,6,2,43,11,17,125,15,181,175,123,202,118,7,96,115,142,91,106,96,89,137,160,0,0,0,2,0,0,0,0,0,0,0,0,1,0,1,3,0,1
"74",83,30,2011-07-25,7,3,11,3.63285714285714,92.2871428571429,74.6985714285714,0.173036774285714,0,0,1103,10,10,8,8,58,9,9,109,22,210,188,162,204,89,7,96,125,168,105,137,99,118,125,130,0,0,5,0,0,3,2,0,0,0,0,2,0,5,2,0,0,1
"75",84,31,2011-08-01,8,3,11,3.75,87.8514285714286,72.4614285714286,0.23696803,0,0,1062,2,8,9,6,56,11,14,108,21,186,189,131,225,86,10,89,110,176,88,127,92,83,134,163,0,0,1,0,0,1,0,0,0,3,0,2,1,0,0,1,1,0
"76",85,32,2011-08-08,8,3,11,3.88571428571429,85.4085714285714,70.7257142857143,0.273576505714286,0,0,1006,2,6,7,4,63,14,12,106,16,173,199,131,161,104,8,104,111,152,74,130,89,105,123,118,0,1,0,0,0,0,1,0,0,1,0,1,0,1,1,0,1,1
"77",86,33,2011-08-15,8,3,11,4.04142857142857,83.8528571428571,68.2057142857143,0.75539219,0,0,1064,1,7,8,4,62,10,13,111,14,178,215,182,177,78,4,106,110,168,76,133,89,111,110,161,0,0,1,0,0,0,0,0,0,0,0,1,3,0,0,2,1,0
"78",87,34,2011-08-22,8,3,11,4.20285714285714,81.2942857142857,66.9071428571429,0.736308988571429,0,0,1030,7,10,4,3,50,19,8,83,3,181,204,157,200,94,7,114,126,161,73,133,99,70,109,144,1,0,2,0,0,2,1,1,0,5,0,1,1,0,2,1,0,0
"79",88,35,2011-08-29,8,3,11,4.38285714285714,81.0114285714286,64.9142857142857,0.152603744285714,0,0.714285714285714,970,3,8,4,4,63,10,5,90,12,182,175,131,201,72,10,82,95,145,76,136,76,83,134,143,0,0,1,0,0,1,0,1,0,3,0,2,0,0,0,2,0,1
"80",89,36,2011-09-05,9,4,11,4.56714285714286,77.2957142857143,67.4471428571429,1.06214635714286,0,0.571428571428571,956,2,8,4,5,65,9,6,92,8,171,172,127,201,82,4,99,90,169,83,101,64,90,121,139,0,1,0,0,0,0,1,0,0,1,1,0,2,0,1,2,0,1
"81",90,37,2011-09-12,9,4,11,4.75571428571429,75.56,58.7814285714286,0.0494937142857143,0,0.571428571428571,1022,4,6,4,5,68,6,4,90,14,176,185,165,204,84,7,106,100,154,106,147,99,83,107,120,0,0,1,0,0,0,0,3,0,0,0,0,2,0,3,0,1,0
"82",91,38,2011-09-19,9,4,11,4.94857142857143,74.0042857142857,65.4285714285714,0.363047642857143,0,0.714285714285714,1056,6,7,3,6,52,11,10,104,14,204,169,168,213,80,9,91,115,176,80,144,107,76,112,155,3,1,0,1,0,0,0,0,1,1,0,2,2,0,1,0,1,0
"83",92,39,2011-09-26,9,4,11,5.13571428571429,72.5771428571429,61.6485714285714,0.0532901071428571,0,0.714285714285714,1050,4,9,6,8,67,11,9,97,16,180,212,122,234,69,6,116,102,188,96,115,87,97,107,142,1,0,1,0,0,0,1,0,1,2,1,4,0,0,0,0,1,1
"84",93,40,2011-10-03,10,4,11,5.32285714285714,67.8328571428572,48.7785714285714,0.00524745857142857,0,0.714285714285714,1058,2,8,6,4,58,10,4,106,9,195,185,147,235,83,6,86,93,160,85,162,97,113,109,153,0,0,0,0,1,0,0,1,0,1,1,1,0,0,1,4,0,0
"85",94,41,2011-10-10,10,4,11,5.49714285714286,71.7028571428571,58.3442857142857,0.155933321428571,0,0.714285714285714,1119,7,6,7,6,53,10,16,106,13,225,205,170,213,78,4,125,132,158,73,145,87,102,135,162,0,0,1,0,1,2,1,1,1,0,1,2,0,1,0,0,0,2
"86",95,42,2011-10-17,10,4,11,5.66714285714286,66.6371428571428,51.2085714285714,0.11811,0,0.428571428571429,1035,2,7,8,6,66,18,8,95,9,179,203,140,211,83,0,102,110,151,77,136,113,94,125,127,0,0,0,1,0,1,0,0,0,0,0,0,0,0,2,2,2,1
"87",96,43,2011-10-24,10,4,11,5.82142857142857,58.73,44.0085714285714,0.182226857142857,0.0337457142857143,0.714285714285714,1002,4,4,5,3,40,6,9,76,13,177,191,174,225,71,4,99,110,164,80,121,78,102,125,123,0,1,0,0,2,0,1,0,0,0,0,1,1,0,1,0,1,0
"88",97,44,2011-10-31,10,4,11,6.10571428571429,57.7785714285714,39.7785714285714,0,0,0.714285714285714,1095,3,8,6,8,47,24,9,110,7,178,205,171,231,82,6,107,110,183,95,151,90,94,110,155,0,2,1,0,0,0,0,0,0,0,0,0,6,0,1,1,0,0
"89",98,45,2011-11-07,11,4,11,7.08142857142857,61.5971428571429,40.4985714285714,0.00899885714285714,0,0.571428571428571,1082,5,6,5,1,45,16,10,101,16,172,197,199,203,94,12,94,111,182,96,114,97,104,124,160,1,0,2,0,1,1,0,0,0,0,2,1,0,2,1,0,0,0
"90",99,46,2011-11-14,11,4,11,7.17571428571429,60.5042857142857,45.4228571428571,0.0661303514285714,0,0.714285714285714,997,2,2,6,3,56,11,13,90,17,189,164,172,180,83,9,96,88,168,64,107,99,84,157,134,0,0,0,2,0,0,0,0,0,0,0,1,0,0,0,1,0,0
"91",100,47,2011-11-21,11,4,11,7.24571428571429,63.3585714285714,44.8442857142857,0.387232071428571,0,0.428571428571429,960,1,4,8,1,48,14,14,78,12,158,183,158,180,93,8,97,91,165,73,102,62,105,117,148,0,0,0,1,0,0,0,0,0,0,3,0,1,0,0,0,0,0
"92",101,48,2011-11-28,11,4,11,7.28428571428571,57.9714285714286,41,0.070866,0,0.714285714285714,994,1,6,7,0,49,19,12,83,17,208,186,110,209,81,6,130,84,160,80,125,87,100,106,122,0,0,0,0,0,0,1,0,0,0,0,1,1,1,0,2,0,1
"93",102,49,2011-12-05,12,1,11,7.3,53.0085714285714,38.7885714285714,0.347299642857143,0,0.714285714285714,889,4,7,10,0,42,18,4,72,9,176,178,83,208,75,3,93,90,173,77,110,72,75,98,101,1,1,0,0,1,0,0,0,1,0,1,1,2,3,0,0,0,0
"94",103,50,2011-12-12,12,1,11,7.28,48.9457142857143,34.5842857142857,0.000421821428571429,0,0.714285714285714,972,3,9,6,5,61,17,9,97,11,173,195,103,199,74,10,110,87,176,71,112,76,86,121,133,0,0,1,1,0,0,1,0,0,0,2,0,2,0,2,3,0,0
"95",104,51,2011-12-19,12,1,11,7.23142857142857,53.0085714285714,39.9328571428571,0.17027525,0,0.571428571428571,954,4,10,3,6,67,13,11,79,7,182,220,83,181,83,5,96,100,174,74,101,61,94,112,142,0,1,0,0,0,0,2,1,0,0,1,0,2,0,1,1,3,2
"96",105,52,2011-12-26,12,1,11,7.16,49.7814285714286,34.9185714285714,0.115016642857143,0,0,876,1,3,6,2,45,12,15,89,10,190,157,110,165,65,6,68,106,161,56,97,77,89,107,115,0,1,0,0,0,0,0,0,0,1,1,0,0,0,1,0,0,0
"97",106,1,2012-01-02,1,1,12,7.06,49.4342857142857,28.4771428571429,0.00182789285714286,0,0.571428571428571,813,5,6,5,3,42,9,8,84,7,159,151,85,180,67,2,86,80,131,61,87,78,92,97,101,1,0,0,0,0,2,1,1,0,0,1,0,2,0,1,1,1,0
"98",107,2,2012-01-09,1,1,12,6.95,46.1942857142857,30.7014285714286,0.145247178571429,0,0.714285714285714,806,1,5,3,5,43,10,14,79,16,176,149,89,148,63,5,84,85,122,62,82,72,84,125,90,0,0,0,0,0,0,1,0,0,1,0,1,1,0,0,1,1,0
"99",108,3,2012-01-16,1,1,12,6.81714285714286,41.6557142857143,27.14,0.0652867085714286,0.19497523997,0.571428571428571,856,3,8,3,0,49,13,17,85,22,145,147,106,182,68,8,103,79,130,66,88,81,77,110,122,0,1,0,1,0,0,1,0,0,0,1,0,1,1,1,2,2,0
"100",109,4,2012-01-23,1,1,12,6.68571428571429,51.0028571428571,35.1242857142857,0.0354779942857143,0,0.428571428571429,939,2,10,5,2,62,12,8,72,21,172,154,137,191,79,12,116,114,154,72,81,72,85,120,125,1,0,0,0,0,0,1,0,0,1,2,2,0,2,1,1,1,0
"101",110,5,2012-01-30,1,1,12,6.54428571428571,53.2142857142857,36.6157142857143,0.0288244642857143,0.0731157142857143,0.714285714285714,855,2,5,5,2,46,10,11,86,8,186,149,89,188,65,3,95,84,146,74,98,62,89,102,105,0,0,2,0,0,0,0,0,0,0,0,2,0,0,0,1,1,1
"102",111,6,2012-02-06,2,1,12,6.41,45.2042857142857,30.2,0.0423677442857143,0.106861428571429,0.714285714285714,768,3,5,6,3,38,8,10,74,10,154,138,85,171,57,6,78,74,102,73,78,70,79,100,114,1,0,1,0,0,1,0,0,0,0,1,0,1,0,3,0,0,0
"103",112,7,2012-02-13,2,1,12,6.27571428571429,49.9871428571429,34.6357142857143,0.02681097,0,0.714285714285714,823,2,4,5,2,34,6,8,83,9,195,124,117,161,69,4,85,88,110,78,91,66,77,88,140,0,1,0,0,0,0,0,1,0,1,0,0,0,1,1,1,0,0
"104",113,8,2012-02-20,2,1,12,6.14428571428571,52.4171428571429,38.1585714285714,0.0276996071428571,0,0.571428571428571,786,2,5,5,1,26,8,4,86,13,161,140,119,159,48,9,77,77,122,52,98,61,71,106,121,0,0,0,1,0,0,0,0,1,2,0,1,0,0,1,0,0,1
"105",114,9,2012-02-27,2,1,12,6.01714285714286,57.3542857142857,38.1328571428571,0.240201994285714,0,0.714285714285714,868,5,7,6,0,36,7,13,95,7,171,145,121,190,61,4,97,108,121,65,98,90,85,100,102,1,0,1,0,1,1,1,0,0,0,2,0,1,0,2,0,0,2
"106",115,10,2012-03-05,3,2,12,5.75714285714286,56.6342857142857,35.2785714285714,0.00112485714285714,0,0.714285714285714,874,4,3,6,0,36,9,10,80,18,213,116,118,185,71,5,94,81,144,62,110,68,83,94,138,0,0,0,1,0,1,2,0,0,1,0,1,0,0,0,1,0,0
"107",116,11,2012-03-12,3,2,12,4.77142857142857,71.0085714285714,50.4885714285714,0.000843642857142857,0,0.714285714285714,1013,3,8,11,4,51,22,10,119,22,233,146,152,172,51,9,91,102,140,91,144,84,100,112,149,1,0,0,0,0,2,0,0,0,2,0,1,1,1,0,3,0,0
"108",117,12,2012-03-19,3,2,12,4.65,71.4714285714286,55.7342857142857,0.0883012857142857,0,0.714285714285714,1044,7,7,7,6,49,12,10,107,13,206,164,188,194,70,4,77,88,154,80,135,95,107,160,148,0,0,1,3,0,1,1,0,1,1,0,1,2,0,0,2,1,0
"109",118,13,2012-03-26,3,2,12,4.54714285714286,59.5014285714286,41.1542857142857,0.0156523871428571,0,0.714285714285714,996,4,6,5,4,44,8,17,117,14,193,139,194,178,63,10,76,94,146,100,151,94,97,111,126,0,1,1,0,0,2,0,0,0,3,0,0,0,1,1,0,0,1
"110",119,14,2012-04-02,4,2,12,4.43285714285714,64.9914285714286,42.9928571428571,0.0213722857142857,0,0,846,4,5,8,0,39,10,8,90,20,182,133,109,188,47,3,84,97,136,70,121,84,63,96,95,0,1,1,1,0,1,0,0,0,3,0,0,2,0,0,0,0,0
"111",120,15,2012-04-09,4,2,12,4.31714285714286,66.65,45.1142857142857,0.00224971428571429,0,0.428571428571429,923,4,5,7,2,32,8,10,77,14,182,152,142,219,67,2,73,102,133,68,153,84,80,125,105,0,0,0,1,2,0,0,1,0,1,0,0,0,3,1,0,0,0
"112",121,16,2012-04-16,4,2,12,4.2,73.7728571428571,53.5614285714286,0.0923338985714286,0,0.714285714285714,1013,4,9,9,7,48,13,11,105,12,215,153,177,191,52,7,94,118,149,63,128,91,91,149,130,1,0,1,0,0,2,0,0,0,1,1,1,2,1,1,0,0,2
"113",122,17,2012-04-23,4,2,12,4.08285714285714,59.36,43.6357142857143,0.188880387142857,0,0.714285714285714,946,7,4,6,3,40,8,11,94,20,159,159,159,197,73,6,79,104,168,73,131,94,85,117,95,2,0,2,2,1,0,0,0,0,0,0,2,0,0,0,1,1,0
"114",123,18,2012-04-30,4,2,12,3.96714285714286,73.0785714285714,55.2842857142857,0.0732169514285714,0,0.714285714285714,1016,3,10,10,4,40,7,8,111,28,208,142,136,235,72,2,93,125,152,64,128,80,106,136,132,2,0,0,0,1,0,0,0,0,1,1,0,0,0,2,3,3,0
"115",124,19,2012-05-07,5,2,12,3.85285714285714,72.23,55.6571428571429,0.137603774285714,0,0.714285714285714,1006,7,4,4,4,48,14,13,88,7,200,141,164,238,72,2,93,96,155,85,158,91,83,135,109,1,1,1,0,1,1,1,0,1,0,0,2,0,0,0,0,2,0
"116",125,20,2012-05-14,5,2,12,3.75,77.0642857142857,59.6557142857143,0.0990324228571429,0,0.714285714285714,1078,4,7,3,5,33,23,13,125,15,195,157,168,249,78,3,127,131,161,76,123,105,87,139,129,0,1,1,0,0,1,1,0,0,0,0,0,1,0,3,2,0,1
"117",126,21,2012-05-21,5,2,12,3.64714285714286,81.0114285714286,66.7914285714286,0.0873170357142857,0,0.714285714285714,1068,7,11,9,3,50,12,6,107,19,197,170,148,233,87,9,115,111,153,72,147,112,102,122,134,0,3,0,1,1,1,1,0,0,0,0,3,3,0,2,3,0,0
"118",127,22,2012-05-28,5,2,12,3.56,83.21,64.8628571428572,0.407389511428571,0,0.571428571428571,1027,8,8,8,5,46,12,5,111,18,225,160,97,237,79,8,94,122,156,97,142,96,74,123,122,1,1,2,0,1,2,0,0,1,0,0,0,3,1,4,0,0,0
"119",128,23,2012-06-04,6,3,12,3.48857142857143,78.71,60.0028571428571,0.0111079642857143,0,0.714285714285714,959,6,12,6,4,44,11,15,102,10,198,124,124,224,76,3,76,118,126,81,134,83,93,116,132,1,2,1,0,0,1,0,0,1,0,0,1,4,0,3,2,0,2
"120",129,24,2012-06-11,6,3,12,3.43142857142857,80.7028571428571,65.5571428571428,0.145669,0,0,997,2,10,9,6,65,8,13,102,11,195,128,107,252,86,3,105,103,126,73,169,83,84,108,146,0,0,0,1,0,0,0,1,0,0,1,1,1,1,3,0,3,0
"121",130,25,2012-06-18,6,3,12,3.39428571428571,86.8614285714286,70.2757142857143,0.0178571071428571,0,0,1040,3,4,11,5,70,9,13,104,6,182,124,132,261,105,11,87,110,153,78,159,96,101,117,139,1,0,0,0,0,1,1,0,0,0,0,0,3,0,0,0,0,1
"122",131,26,2012-06-25,6,3,12,3.38285714285714,91.4128571428571,70.2114285714286,0.190100857142857,0,0,1042,2,5,9,3,60,13,7,94,9,167,194,173,217,88,1,107,108,149,74,162,73,81,130,158,1,0,0,0,0,0,1,0,0,0,0,2,1,1,0,1,0,0
"123",132,27,2012-07-02,7,3,12,3.40857142857143,95.9385714285714,77.3471428571429,0.0468221785714286,0,0,976,6,10,4,4,41,7,9,118,7,168,145,155,215,84,3,91,72,141,82,148,88,75,132,147,1,0,1,0,2,1,0,1,0,1,0,0,4,3,1,1,0,0
"124",133,28,2012-07-09,7,3,12,3.45428571428571,88.9828571428571,70.79,0.101096535714286,0,0,976,1,8,9,7,56,11,8,105,13,142,127,160,222,102,5,75,122,141,65,133,100,78,111,151,1,0,0,0,0,0,0,0,0,3,0,0,2,0,0,0,1,2
"125",134,29,2012-07-16,7,3,12,3.52142857142857,88.79,72.4485714285714,0.430347845714286,0,0,970,2,11,7,1,56,2,13,89,8,169,156,170,199,86,1,97,105,146,64,134,95,70,111,148,0,1,0,0,0,0,0,1,0,1,3,1,0,0,3,0,3,0
"126",135,30,2012-07-23,7,3,12,3.61714285714286,89.8571428571429,72.95,0.07110222,0,0,1024,6,6,3,0,69,10,11,84,9,172,141,195,231,80,7,85,91,159,64,157,116,73,110,169,0,1,1,2,0,1,1,0,0,1,0,0,0,2,1,0,1,1
"127",136,31,2012-07-30,7,3,12,3.73285714285714,89.2785714285714,74.3,0.0139201071428571,0,0,1097,7,6,8,3,67,9,1,108,13,166,132,207,282,87,1,99,107,189,76,193,75,76,126,156,2,0,0,1,0,0,4,0,0,0,1,0,2,0,0,3,0,0
"128",137,32,2012-08-06,8,3,12,3.86428571428571,91.4,76.5628571428571,0.177823041428571,0,0,1062,3,7,2,7,50,9,15,117,6,151,168,180,219,125,3,111,130,134,66,162,81,116,113,149,1,0,0,0,1,0,0,1,0,1,0,1,2,0,1,0,2,0
"129",138,33,2012-08-13,8,3,12,4.01714285714286,88.4428571428572,72.7442857142857,0.214521505714286,0,0,1022,4,3,5,9,49,3,14,95,8,192,176,153,205,96,10,113,139,165,64,141,88,76,100,136,0,0,2,0,0,0,2,0,0,1,0,0,1,0,0,1,0,0
"130",139,34,2012-08-20,8,3,12,4.18,82.49,66.9842857142857,0.396135315714286,0,0,935,7,11,6,3,45,12,2,105,9,152,156,124,210,89,4,68,98,143,73,142,71,84,139,117,0,1,0,2,0,0,3,1,0,0,1,1,2,3,0,1,2,1
"131",140,35,2012-08-27,8,3,12,4.35571428571429,86.6942857142857,70.5842857142857,0.227879184285714,0,0.714285714285714,1010,3,7,5,7,61,9,7,103,10,194,160,121,225,96,2,92,116,178,89,123,76,70,116,150,1,1,0,0,0,1,0,0,0,1,1,1,2,0,1,1,0,0
"132",141,36,2012-09-03,9,4,12,4.54142857142857,86.3342857142857,71.7928571428571,0.144352917142857,0,0.571428571428571,930,8,13,4,5,55,14,8,104,15,182,162,100,191,66,3,94,126,172,74,125,79,73,76,111,0,1,2,0,1,2,0,1,1,1,2,1,1,2,4,1,0,1
"133",142,37,2012-09-10,9,4,12,4.73,77.45,57.7657142857143,0,0,0.714285714285714,924,1,6,4,5,31,7,7,76,9,192,156,121,212,93,4,89,114,150,59,110,76,90,110,126,0,0,0,0,0,0,1,0,0,0,3,1,1,0,1,0,0,0
"134",143,38,2012-09-17,9,4,12,4.92,75.3542857142857,57.6371428571429,0.175292112857143,0,0.571428571428571,993,7,6,7,3,44,8,9,125,13,180,160,137,217,66,11,79,136,140,84,138,81,83,119,133,0,1,2,1,0,2,1,0,0,0,1,0,0,1,2,1,1,0
"135",144,39,2012-09-24,9,4,12,5.10857142857143,73.9271428571429,56.7885714285714,0.0507591785714286,0,0.714285714285714,1058,7,9,6,5,71,16,8,118,12,194,177,119,244,66,6,86,150,178,92,132,90,88,116,126,0,1,0,1,0,0,2,1,2,0,2,0,2,0,1,1,3,0
"136",145,40,2012-10-01,10,4,12,5.29714285714286,75.2,59.2057142857143,0.165072785714286,0,0.714285714285714,968,4,4,3,2,52,12,8,83,22,164,168,128,243,73,2,128,98,168,92,105,70,100,97,110,2,0,0,2,0,0,0,0,0,1,0,1,0,0,1,1,0,0
"137",146,41,2012-10-08,10,4,12,5.47285714285714,61.4942857142857,44.78,0.0205736371428571,0,0.714285714285714,990,4,8,4,1,74,9,7,93,21,155,151,152,229,80,2,106,118,148,89,130,94,95,95,114,0,3,0,0,0,0,0,0,1,1,2,0,2,1,0,0,2,0
"138",147,42,2012-10-15,10,4,12,5.64428571428571,68.1542857142857,50.36,0.220516994285714,0,0.714285714285714,953,2,8,9,3,60,10,21,84,12,171,159,143,198,71,2,91,93,154,98,127,80,90,108,112,1,0,0,0,0,1,0,0,0,0,0,1,3,2,2,0,0,0
"139",148,43,2012-10-22,10,4,12,5.8,69.6714285714286,55.2328571428571,0.00956128571428571,0,0.714285714285714,1000,3,9,4,1,63,14,11,87,13,171,169,128,240,85,2,93,105,145,58,164,89,91,115,140,0,0,0,0,0,1,0,2,0,0,0,0,2,4,1,1,1,0
"140",149,44,2012-10-29,10,4,12,6.08571428571429,51.9928571428571,42.3628571428571,1.04579093428571,0,0.714285714285714,886,7,7,5,4,61,12,16,72,8,136,163,130,192,69,4,99,99,146,60,100,75,104,85,118,1,1,1,0,0,2,1,0,1,1,1,0,2,1,1,1,0,0
"141",150,45,2012-11-05,11,4,12,7.06714285714286,52.6485714285714,38.1585714285714,0.00154667857142857,0,0.714285714285714,923,3,3,9,5,60,5,9,71,13,152,138,166,192,93,4,93,138,151,79,110,54,87,105,106,0,0,1,0,0,0,1,1,0,1,1,0,0,0,0,0,0,1
"142",151,46,2012-11-12,11,4,12,7.16142857142857,55.0142857142857,39.3671428571429,0.0762090714285714,0,0.714285714285714,859,6,10,7,2,68,19,12,74,17,159,133,100,186,62,4,84,91,152,82,119,63,83,71,114,1,0,1,2,0,1,1,0,0,0,0,1,4,2,1,2,0,0
"143",152,47,2012-11-19,11,4,12,7.23857142857143,54.5642857142857,37.9142857142857,0,0,0.428571428571429,852,6,6,4,4,52,12,10,71,12,164,136,125,167,80,3,99,120,126,45,108,71,76,99,108,1,1,0,2,0,1,1,0,0,0,4,1,0,0,0,0,0,1
"144",153,48,2012-11-26,11,4,12,7.28,49.0742857142857,34.7771428571429,0.0381045357142857,0,0.714285714285714,968,3,10,6,5,68,18,11,78,19,173,164,106,221,83,3,111,95,147,72,115,90,90,109,139,0,0,0,0,0,2,0,0,1,1,1,3,0,1,1,0,2,1
"145",154,49,2012-12-03,12,1,12,7.3,56.8528571428571,42.0542857142857,0.0394656128571429,0,0.714285714285714,926,4,4,9,3,77,9,10,86,14,169,143,117,202,75,4,92,104,182,84,108,69,60,95,132,0,0,1,2,1,0,0,0,0,0,0,0,1,1,0,1,1,0
"146",155,50,2012-12-10,12,1,12,7.28428571428571,53.6257142857143,38.7885714285714,0.0265297557142857,0,0.714285714285714,932,4,9,7,6,83,14,9,79,12,172,172,105,193,65,2,115,94,180,70,113,62,81,114,102,1,0,0,0,2,0,0,1,0,1,0,0,0,3,1,2,2,0
"147",156,51,2012-12-17,12,1,12,7.24142857142857,52.0185714285714,38.5828571428571,0.220286398571429,0,0.714285714285714,855,2,5,7,1,49,10,8,63,17,140,170,110,192,79,2,89,107,161,63,96,63,76,76,124,0,0,0,1,0,0,1,0,0,1,0,0,0,1,1,0,0,2
"148",157,52,2012-12-24,12,1,12,7.17142857142857,43.8542857142857,33.2471428571429,0.195303321428571,0.0281214285714286,0,770,2,10,0,3,69,12,15,62,6,140,137,108,139,63,4,83,116,130,66,66,65,72,73,99,0,0,0,1,0,1,0,0,0,1,0,4,1,0,4,0,0,0
"149",158,53,2012-12-31,12,1,12,7.08714285714286,42.0028571428571,31.2928571428571,0,0,0.428571428571429,882,2,6,12,1,49,16,10,86,11,178,129,118,195,64,5,105,112,157,48,87,63,85,108,117,0,0,1,1,0,0,0,0,0,0,0,1,0,2,2,0,1,0
"150",159,1,2013-01-07,1,1,13,6.98285714285714,50.8485714285714,36.6414285714286,0.0348705714285714,0,0.714285714285714,907,5,11,0,2,65,20,13,81,19,155,144,116,211,57,8,115,102,139,72,107,78,79,101,114,0,1,0,2,0,0,1,1,0,1,0,1,2,0,3,1,3,0
"151",160,2,2013-01-14,1,1,13,6.85571428571429,48.0714285714286,35.7028571428571,0.226658714285714,0,0.714285714285714,881,3,9,3,0,68,16,12,97,17,153,137,110,187,65,4,95,109,139,65,102,79,77,95,120,0,0,0,0,0,1,2,0,0,2,0,2,3,0,0,1,1,0
"152",161,3,2013-01-21,1,1,13,6.72428571428571,33.5814285714286,19.4,0.0102193271428571,0.197787382827143,0.285714285714286,787,2,3,5,5,44,14,9,61,6,151,120,77,196,90,4,62,98,136,70,89,69,72,89,102,0,0,0,0,0,0,1,0,1,0,0,1,0,0,1,0,0,1
"153",162,4,2013-01-28,1,1,13,6.58714285714286,46.5928571428571,30.0971428571429,0.338531381428571,0.230595714285714,0.714285714285714,799,7,8,6,3,35,14,8,88,8,127,111,96,219,66,3,89,94,130,64,93,76,56,89,108,1,1,2,3,0,0,0,0,0,3,1,1,2,1,0,0,0,0
"154",163,5,2013-02-04,2,1,13,6.44714285714286,39.56,28.8628571428571,0.0292462857142857,0.0168728571428571,0.714285714285714,798,3,4,4,6,40,10,11,89,11,171,108,110,156,74,1,84,74,150,50,112,80,64,84,100,1,0,0,0,2,0,0,0,0,0,0,1,0,0,1,0,1,1
"155",164,6,2013-02-11,2,1,13,6.31428571428571,47.8528571428571,33.7742857142857,0.11834622,0.123734285714286,0.714285714285714,820,1,2,3,1,53,4,12,78,14,153,93,134,205,60,7,89,93,122,52,135,72,72,92,93,0,0,0,1,0,0,0,0,0,0,0,1,0,1,0,0,0,0
"156",165,7,2013-02-18,2,1,13,6.18285714285714,41.09,28.49,0.0340269285714286,0,0.571428571428571,793,7,3,7,1,44,6,7,87,13,153,109,103,194,55,4,108,56,129,69,90,68,68,104,101,0,1,2,3,0,0,1,0,0,0,2,0,0,1,0,0,0,0
"157",166,8,2013-02-25,2,1,13,6.05,46.9271428571429,35.2142857142857,0.0988468214285714,0,0.714285714285714,805,5,5,4,1,55,5,8,83,15,152,91,106,214,54,7,87,77,134,60,96,63,67,97,124,1,0,0,2,0,2,0,0,0,1,0,1,1,0,1,0,0,1
"158",167,9,2013-03-04,3,2,13,5.79,48.9971428571429,33.5814285714286,0.0894261428571429,0.170603331458571,0.714285714285714,809,2,5,3,2,33,2,13,91,12,131,123,121,197,70,4,82,77,119,85,85,68,88,106,99,0,0,0,0,0,0,1,1,0,1,0,0,2,0,0,0,0,2
"159",168,10,2013-03-11,3,2,13,4.81,53.7028571428571,37.6314285714286,0.107845678571429,0,0.714285714285714,869,4,3,6,4,46,4,8,97,19,177,109,116,207,64,5,99,83,150,76,83,82,71,91,134,1,0,0,1,0,1,0,1,0,0,0,0,0,0,2,1,0,0
"160",169,11,2013-03-18,3,2,13,4.68285714285714,47.6214285714286,32.6428571428571,0.05633847,0,0.714285714285714,848,6,0,6,5,61,4,5,74,15,181,120,134,175,61,1,72,122,139,53,101,97,63,66,135,0,1,0,3,1,0,1,0,0,0,0,0,0,0,0,0,0,0
"161",170,12,2013-03-25,3,2,13,4.57571428571429,51.1057142857143,37.3485714285714,0.0970189285714286,0.686162857142857,0,766,3,4,6,2,47,11,16,75,15,124,106,112,172,68,5,93,95,123,56,87,74,52,72,114,0,0,1,0,0,1,0,1,0,0,0,1,1,0,0,1,0,1
"162",171,13,2013-04-01,4,2,13,4.46714285714286,56.9428571428571,36.1528571428571,0.0210910714285714,0,0.428571428571429,849,5,4,3,1,58,8,6,95,11,146,128,96,227,58,3,112,98,134,72,94,69,64,95,111,0,2,0,1,1,1,0,0,0,0,1,1,2,0,0,0,0,0
"163",172,14,2013-04-08,4,2,13,4.35,77.3471428571429,54.6542857142857,0.0995498571428571,0,0.714285714285714,972,5,15,5,3,82,12,8,109,12,184,112,115,208,92,10,99,123,146,77,112,97,86,90,142,1,0,0,1,0,0,1,2,0,2,2,2,4,0,2,2,1,0
"164",173,15,2013-04-15,4,2,13,4.23285714285714,69.1957142857143,52.4428571428571,0.145387785714286,0,0.714285714285714,939,5,8,9,4,55,11,12,97,10,160,140,145,218,62,3,75,87,162,73,104,77,83,97,181,0,0,1,0,2,0,1,0,1,0,1,0,0,0,1,2,1,3
"165",174,16,2013-04-22,4,2,13,4.11714285714286,65.7242857142857,45.4614285714286,0,0,0.714285714285714,961,3,6,4,1,54,9,8,90,21,171,127,155,240,64,8,100,124,151,74,115,92,74,81,149,0,0,3,0,0,0,0,0,0,1,0,1,0,0,1,1,1,1
"166",175,17,2013-04-29,4,2,13,4,66.7785714285714,49.3957142857143,0.0928007142857143,0,0.714285714285714,908,4,4,5,2,53,8,13,76,12,187,125,117,224,75,3,93,94,145,76,101,72,89,102,136,0,0,1,1,0,2,0,0,0,0,0,0,0,0,2,2,0,0
"167",176,18,2013-05-06,5,2,13,3.88285714285714,71.8571428571429,55.6828571428571,0.309757535714286,0,0.714285714285714,986,5,6,6,2,52,9,17,110,11,182,156,109,236,79,6,102,114,139,86,130,67,84,116,148,2,1,0,1,1,0,0,0,0,0,0,2,1,0,0,0,2,1
"168",177,19,2013-05-13,5,2,13,3.78142857142857,71.7285714285714,54.4228571428571,0.0158886071428571,0,0.714285714285714,1027,2,8,5,4,48,15,9,106,16,183,145,152,239,91,4,116,118,174,79,117,102,75,127,119,0,0,0,0,0,0,0,1,1,0,0,0,3,0,0,0,4,1
"169",178,20,2013-05-20,5,2,13,3.67571428571429,76.2157142857143,60.2857142857143,0.160151535714286,0,0.714285714285714,1060,6,17,5,1,52,7,6,113,17,166,161,148,253,101,7,124,142,141,95,113,99,98,116,131,0,0,2,0,0,2,1,1,0,4,0,2,1,0,3,1,5,1
"170",179,21,2013-05-27,5,2,13,3.58428571428571,84.4442857142857,65.8528571428571,0.0350561728571429,0,0.571428571428571,1024,6,9,6,2,52,9,14,107,12,201,141,120,261,76,8,101,138,149,76,114,70,94,138,144,1,2,0,0,0,0,0,2,1,0,1,1,2,0,1,4,0,0
"171",180,22,2013-06-03,6,3,13,3.50428571428571,77.63,63.9371428571429,0.492501827142857,0,0.428571428571429,1015,5,11,5,4,64,14,13,96,13,177,125,144,245,93,6,93,110,173,93,129,80,67,115,155,0,1,3,0,1,0,0,0,0,0,0,6,2,2,0,0,1,0
"172",181,23,2013-06-10,6,3,13,3.44571428571429,82.7085714285714,66.9842857142857,0.563553428571429,0,0,1014,4,10,13,0,42,16,11,90,17,181,152,132,232,101,13,84,127,142,79,151,88,96,106,141,0,0,0,2,0,0,1,0,1,0,1,2,0,0,4,2,1,0
"173",182,24,2013-06-17,6,3,13,3.40571428571429,82.3485714285714,66.5728571428571,0.0258717142857143,0,0,1056,9,18,3,3,51,10,9,115,12,160,161,127,245,126,7,104,130,155,87,133,110,78,123,136,2,0,0,2,3,2,0,0,0,3,0,0,3,0,8,0,1,3
"174",183,25,2013-06-24,6,3,13,3.38,88.6614285714286,71.7157142857143,0.124296714285714,0,0,1040,8,15,5,0,49,12,11,93,11,160,157,153,260,102,4,96,125,165,80,124,111,80,122,137,1,0,2,2,0,0,2,0,1,0,1,5,2,3,1,3,0,0
"175",184,26,2013-07-01,7,3,13,3.4,88.6614285714286,74.6342857142857,0.121484571428571,0,0,922,4,13,3,3,47,9,22,104,8,156,150,107,203,89,4,91,102,137,73,119,78,85,104,133,1,0,0,0,1,2,0,0,0,0,1,0,1,2,0,6,2,1
"176",185,27,2013-07-08,7,3,13,3.43857142857143,85.8071428571428,72.2685714285714,0.191040112857143,0,0,967,5,10,6,2,42,5,5,92,14,141,152,141,241,105,6,102,102,144,93,116,79,69,108,154,0,0,0,2,0,1,0,0,2,1,0,1,4,0,2,1,0,1
"177",186,28,2013-07-15,7,3,13,3.5,93.29,77.1542857142857,0.07161403,0,0,1073,3,3,7,2,53,11,9,99,9,190,182,129,224,146,6,116,137,158,91,116,85,81,120,169,1,0,0,1,0,0,1,0,0,0,0,1,1,1,0,0,0,0
"178",187,29,2013-07-22,7,3,13,3.58571428571429,83.8014285714286,69.5942857142857,0.0507591785714286,0,0,1075,7,15,7,7,62,13,5,94,13,165,177,128,243,131,8,91,137,178,81,148,90,106,97,146,0,0,1,0,3,2,0,0,1,1,2,0,2,1,5,0,1,3
"179",188,30,2013-07-29,7,3,13,3.7,82.1042857142857,67.5114285714286,0.0851629342857143,0,0,1069,5,8,6,3,80,7,14,96,8,157,164,138,238,139,6,117,108,171,84,112,93,97,114,173,0,0,3,0,0,0,2,0,0,1,0,0,0,1,4,1,1,0
"180",189,31,2013-08-05,8,3,13,3.82428571428571,82.3614285714286,70.4171428571429,0.250843142857143,0,0,992,0,11,7,5,55,11,7,100,12,167,147,121,219,128,2,98,120,146,74,125,76,73,130,150,0,0,0,0,0,0,0,0,0,0,0,0,1,3,3,0,1,3
"181",190,32,2013-08-12,8,3,13,3.97142857142857,81.1657142857143,64.8371428571429,0.0167772442857143,0,0,1082,5,14,6,4,65,7,11,93,14,151,158,138,276,138,2,130,148,151,82,122,93,94,112,150,0,2,0,1,0,1,0,0,1,6,1,1,1,1,3,0,0,1
"182",191,33,2013-08-19,8,3,13,4.13285714285714,82.5671428571429,66.9842857142857,0.00421821428571429,0,0,1052,5,18,5,4,61,10,11,96,10,156,153,126,280,109,8,100,131,159,94,131,80,86,118,152,1,0,1,1,0,0,0,2,0,0,1,1,7,2,1,0,3,3
"183",192,34,2013-08-26,8,3,13,4.30285714285714,87.44,71.2785714285714,0.00688975,0,0.571428571428571,1010,4,8,3,1,56,11,17,126,15,169,157,111,247,79,6,117,117,169,98,103,85,61,110,150,0,0,0,1,2,1,0,0,0,1,2,0,3,1,1,0,0,0
"184",193,35,2013-09-02,9,4,13,4.48857142857143,84.29,64.7085714285714,0,0,0.714285714285714,1021,9,14,4,1,50,10,12,115,16,189,161,121,230,85,4,107,134,170,86,97,93,88,114,132,1,1,3,1,1,2,0,0,0,1,0,3,3,0,2,3,1,1
"185",194,36,2013-09-09,9,4,13,4.67571428571429,82.8628571428571,64.6571428571429,0.0622889642857143,0,0.714285714285714,960,4,6,8,2,35,8,10,77,14,191,151,117,269,61,7,105,124,146,70,94,93,83,136,109,1,0,1,0,0,1,1,0,0,2,0,0,0,0,1,3,0,0
"186",195,37,2013-09-16,9,4,13,4.86714285714286,73.9914285714286,54.6928571428571,0.149746607142857,0,0.714285714285714,938,4,5,4,0,70,7,15,62,14,163,146,117,259,68,4,103,108,130,90,102,82,85,133,104,1,0,0,0,0,2,0,1,0,0,0,0,0,0,2,0,3,0
"187",196,38,2013-09-23,9,4,13,5.05428571428571,71.6514285714286,54.6414285714286,0,0,0.714285714285714,1024,3,6,4,2,80,12,4,80,16,181,139,133,273,86,5,102,121,140,84,111,97,88,145,135,1,0,2,0,0,0,0,0,0,1,2,0,0,0,1,1,1,0
"188",197,39,2013-09-30,9,4,13,5.24428571428571,82.6571428571429,63.1528571428571,0,0,0.714285714285714,1015,2,5,9,2,60,12,11,86,16,187,140,117,302,62,4,91,110,164,103,124,68,93,124,138,0,0,1,0,0,0,1,0,0,0,0,1,0,0,1,1,1,1
"189",198,40,2013-10-07,10,4,13,5.42285714285714,67.4342857142857,55.7214285714286,0.747934387142857,0,0.714285714285714,948,1,4,4,3,41,13,7,70,10,152,149,124,238,127,5,128,116,144,89,111,68,78,95,119,1,0,0,0,0,0,0,0,0,0,0,0,0,1,1,2,0,0
"190",199,41,2013-10-14,10,4,13,5.59714285714286,68.9257142857143,53.7285714285714,0.0106861428571429,0,0.428571428571429,1108,9,3,9,3,63,20,7,90,12,157,173,161,269,127,5,152,101,200,80,144,70,121,98,142,4,0,0,1,1,2,1,0,0,0,0,0,0,0,0,3,0,0
"191",200,42,2013-10-21,10,4,13,5.75428571428571,59.0128571428571,42.3628571428571,0,0,0.714285714285714,1062,5,2,7,2,64,5,12,68,1,157,176,163,286,102,12,105,140,172,76,117,87,98,126,141,1,0,0,2,0,1,1,0,0,0,0,1,1,0,0,0,0,0
"192",201,43,2013-10-28,10,4,13,6.04857142857143,65.6985714285714,47.6471428571429,0.0402136428571429,0,0.714285714285714,1014,4,5,5,3,64,7,9,87,10,183,155,120,260,96,6,112,97,173,81,115,71,91,134,140,0,0,0,0,1,2,1,0,0,0,0,0,0,0,2,1,2,0
"193",202,44,2013-11-04,11,4,13,7.03285714285714,57.3542857142857,40.3571428571429,0.0213722857142857,0,0.714285714285714,1024,8,5,6,1,70,9,13,87,9,153,151,153,249,104,6,110,99,167,82,120,96,95,122,133,0,0,1,3,0,1,1,0,2,1,1,0,0,1,0,2,0,0
"194",203,45,2013-11-11,11,4,13,7.13857142857143,54.1528571428571,37.0142857142857,0.0181383214285714,0,0.571428571428571,941,7,6,0,2,62,17,16,56,6,168,146,115,242,92,6,120,109,143,89,95,52,97,87,149,1,2,0,1,0,0,1,1,1,0,2,0,0,0,0,1,2,1
"195",204,46,2013-11-18,11,4,13,7.21857142857143,54.9371428571429,37.0785714285714,0.0146231428571429,0,0.714285714285714,886,4,3,5,0,34,14,8,47,11,131,160,132,257,77,3,91,116,134,80,87,63,70,104,141,0,0,1,1,0,0,1,1,0,2,0,0,1,0,0,0,0,0
"196",205,47,2013-11-25,11,4,13,7.27142857142857,41.6428571428571,28.4514285714286,0.308351464285714,0,0.428571428571429,870,2,3,6,3,54,12,5,71,8,156,142,108,229,69,2,105,81,137,89,79,64,88,105,122,0,0,0,0,0,0,1,1,0,1,0,0,2,0,0,0,0,0
"197",206,48,2013-12-02,12,1,13,7.29714285714286,52.5585714285714,39.3671428571429,0.188087362857143,0,0.714285714285714,915,2,10,6,1,59,17,10,77,18,143,136,148,201,84,3,103,92,145,82,85,69,104,102,133,1,0,0,1,0,0,0,0,0,4,0,1,0,0,0,3,0,2
"198",207,49,2013-12-09,12,1,13,7.29142857142857,41.36,29.768,0.308255851428571,0.889574525684286,0.714285714285714,831,5,7,0,3,37,9,11,66,4,123,128,146,209,76,7,72,100,110,64,91,63,71,100,160,3,0,0,0,0,0,0,0,2,0,0,0,1,0,4,1,0,1
"199",208,50,2013-12-16,12,1,13,7.25714285714286,55.202,38.75,0.003937,0,0.714285714285714,1073,7,11,5,2,97,14,13,102,12,151,182,115,254,104,4,133,121,177,100,109,58,100,115,160,2,1,1,0,1,1,0,1,0,3,0,1,0,1,1,1,2,2
"200",209,51,2013-12-23,12,1,13,7.19428571428571,48.7914285714286,30.3414285714286,0.21704681,0,0,926,4,10,5,0,53,19,8,63,7,139,241,107,191,76,3,98,88,202,71,86,70,70,102,139,0,0,0,2,0,1,0,1,0,2,1,2,1,0,2,1,0,1
"201",210,52,2013-12-30,12,1,13,7.10285714285714,39.0328571428571,23.09,0.15377922,0.695536668541429,0.285714285714286,797,7,7,8,6,42,11,13,81,10,152,131,79,180,70,0,86,106,120,72,52,70,78,89,124,0,0,1,1,0,2,2,1,0,1,0,2,2,1,0,1,0,0
"202",211,1,2014-01-06,1,1,14,7,38.03,20.1971428571429,0.21677122,0,0.714285714285714,815,10,4,6,3,45,8,9,60,10,156,139,90,201,72,2,88,100,124,75,80,70,92,76,110,3,2,2,0,1,0,2,0,0,1,0,1,0,0,0,1,0,1
"203",212,2,2014-01-13,1,1,14,6.87428571428571,46.22,30.7914285714286,0.0458379285714286,0,0.714285714285714,894,2,7,2,1,53,3,16,68,4,139,149,135,213,93,9,86,95,148,69,114,86,94,78,124,0,1,0,1,0,0,0,0,0,0,0,4,1,1,0,0,0,1
"204",213,3,2014-01-20,1,1,14,6.74285714285714,31.2671428571429,15.9414285714286,0.0456973214285714,0.947692142857143,0.571428571428571,782,2,6,9,2,32,17,18,49,10,112,121,120,163,117,4,71,85,127,50,78,74,79,94,124,0,0,1,1,0,0,0,0,0,0,0,1,0,1,1,1,1,1
"205",214,4,2014-01-27,1,1,14,6.60714285714286,34.4557142857143,17.7928571428571,0.00365578571428571,0.0674914285714286,0.571428571428571,853,7,7,2,1,59,16,10,69,14,151,119,92,205,100,1,86,79,124,84,85,92,82,78,143,1,1,0,0,0,0,1,2,2,1,0,1,3,0,1,1,0,0
"206",215,5,2014-02-03,2,1,14,6.46857142857143,38.1714285714286,26.5742857142857,0.33366075,0.0449942857142857,0.714285714285714,746,3,5,5,2,49,12,3,61,11,125,112,91,180,82,5,62,70,150,65,58,53,84,99,105,1,0,0,0,1,0,0,0,1,0,0,2,1,0,0,2,0,0
"207",216,6,2014-02-10,2,1,14,6.33285714285714,34.9571428571429,22.64,0.247513565714286,2.65372547431571,0.714285714285714,626,3,0,3,3,39,9,8,56,8,100,92,71,149,82,3,72,56,91,66,62,46,66,75,92,0,1,1,0,1,0,0,0,0,0,0,0,0,0,0,0,0,0
"208",217,7,2014-02-17,2,1,14,6.2,50.9385714285714,31.8071428571429,0.0604160771428571,0.19497523997,0.571428571428571,726,2,2,5,2,37,9,5,68,7,138,85,103,199,62,2,79,76,118,55,86,71,56,56,129,1,0,0,0,0,1,0,0,0,0,0,1,0,0,0,1,0,0
"209",218,8,2014-02-24,2,1,14,6.06857142857143,38.8014285714286,22.4342857142857,0.0230595714285714,0.23809476003,0.714285714285714,763,3,5,3,1,46,7,13,77,11,172,104,94,165,62,0,75,83,131,70,82,68,85,72,97,1,0,0,0,0,0,1,1,0,0,0,2,1,1,1,0,0,0
"210",219,9,2014-03-03,3,2,14,5.80714285714286,40.2285714285714,23.1414285714286,0.0899885714285714,0.486500714285714,0.714285714285714,677,2,1,2,2,35,6,7,80,5,130,94,84,155,73,1,69,91,113,67,61,58,51,85,82,0,0,0,0,0,1,1,0,0,0,0,0,1,0,0,0,0,0
"211",220,10,2014-03-10,3,2,14,4.82857142857143,55.4385714285714,32.6814285714286,0.0285882442857143,0,0.714285714285714,851,1,6,7,3,36,7,11,92,12,169,118,89,229,71,0,103,78,140,67,82,77,97,104,103,0,0,0,0,0,1,0,0,0,0,0,3,0,0,2,0,1,0
"212",221,11,2014-03-17,3,2,14,4.7,49.0742857142857,33.2985714285714,0.102502607142857,0.829582142857143,0.714285714285714,733,0,1,9,2,24,5,9,94,12,134,101,123,147,70,2,64,79,104,65,105,54,76,83,102,0,0,0,0,0,0,0,0,0,1,0,0,0,0,0,0,0,0
"213",222,12,2014-03-24,3,2,14,4.59,46.9014285714286,31.2671428571429,0.259982607142857,0.127483811398571,0.714285714285714,825,2,6,6,5,31,16,2,81,11,158,103,106,203,92,3,100,79,114,72,90,72,94,106,98,0,0,0,0,0,0,0,1,1,0,1,0,1,0,0,2,2,0
"214",223,13,2014-03-31,3,2,14,4.48285714285714,59.6557142857143,41.99,0.171585708571429,0.0449942857142857,0.714285714285714,874,4,7,4,0,42,2,4,93,14,168,98,99,249,88,2,80,97,150,69,105,57,89,113,114,0,0,1,0,0,1,0,1,1,0,2,1,1,0,0,1,1,1
"215",224,14,2014-04-07,4,2,14,4.36714285714286,68.5657142857143,46.4128571428571,0.0598480242857143,0,0.714285714285714,858,1,5,5,3,38,7,2,79,6,172,108,105,223,99,5,95,95,154,69,97,56,77,97,118,0,0,0,0,1,0,0,0,0,0,1,0,1,1,2,0,0,0
"216",225,15,2014-04-14,4,2,14,4.25,61.9442857142857,42.5942857142857,0.348143285714286,0,0,858,5,6,1,5,41,8,6,102,6,142,114,105,241,69,7,63,111,123,72,103,80,69,100,137,1,1,0,1,0,1,0,0,1,0,0,1,0,0,1,1,3,0
"217",226,16,2014-04-21,4,2,14,4.13285714285714,66.2771428571429,45.2557142857143,0.116844535714286,0,0.571428571428571,935,3,7,4,2,35,6,12,106,14,184,137,112,218,88,7,89,106,138,79,102,71,90,133,127,0,0,0,1,0,1,0,1,0,0,0,0,1,0,1,3,1,1
"218",227,17,2014-04-28,4,2,14,4.01714285714286,67.2157142857143,50.0257142857143,0.882450428571429,0,0.714285714285714,876,3,5,5,0,55,11,8,80,9,162,119,107,232,75,5,94,93,143,84,91,80,83,103,105,0,0,0,1,1,0,0,1,0,0,0,0,2,1,1,1,0,0
"219",228,18,2014-05-05,5,2,14,3.9,72.9114285714286,54.2042857142857,0.0414341128571429,0,0.714285714285714,937,6,7,4,5,51,8,9,92,11,173,141,113,227,85,5,79,145,145,88,106,80,82,97,115,0,0,1,0,0,2,2,1,0,0,1,1,2,0,2,1,0,0
"220",229,19,2014-05-12,5,2,14,3.79571428571429,74.66,56.2871428571429,0.285713714285714,0,0.714285714285714,984,4,10,2,2,45,8,7,101,11,175,146,134,229,106,4,91,122,158,90,107,101,75,94,146,1,0,2,0,1,0,0,0,0,0,1,4,0,1,1,0,1,2
"221",230,20,2014-05-19,5,2,14,3.69,74.7242857142857,55.7857142857143,0.0416647085714286,0,0.714285714285714,976,5,11,6,2,54,16,5,112,10,151,136,137,245,80,6,89,118,167,97,113,59,73,139,121,0,1,0,1,0,1,2,0,0,0,1,2,4,0,0,1,3,0
"222",231,21,2014-05-26,5,2,14,3.59571428571429,76.91,59.4242857142857,0.106299,0,0.571428571428571,887,7,7,10,3,52,19,6,96,11,140,119,121,207,80,9,83,108,143,88,72,66,85,107,134,0,0,0,3,0,0,2,2,0,1,0,1,1,0,1,1,2,0
"223",232,22,2014-06-02,6,3,14,3.51428571428571,80.2914285714286,61.9185714285714,0.0950504285714286,0,0.714285714285714,942,8,7,7,3,52,12,13,81,12,180,133,105,243,83,3,109,124,132,54,115,70,93,118,127,3,1,2,0,1,1,0,0,0,0,0,0,1,1,1,2,2,0
"224",233,23,2014-06-09,6,3,14,3.45428571428571,80.4328571428571,67.7814285714286,0.471832577142857,0,0.714285714285714,922,1,7,4,5,56,8,3,92,9,169,136,116,232,80,4,103,110,134,69,137,81,76,90,122,0,0,0,0,0,1,0,0,0,3,2,1,0,0,1,0,0,0
"225",234,24,2014-06-16,6,3,14,3.40857142857143,83.1842857142857,68,0.217238035714286,0,0,934,3,6,3,2,57,13,6,60,13,144,137,152,229,107,2,82,104,159,65,113,71,72,111,157,0,0,1,0,0,0,1,1,0,0,0,0,2,0,2,2,0,0
"226",235,25,2014-06-23,6,3,14,3.38285714285714,83.1328571428571,67.6657142857143,0.0832394285714286,0,0,985,5,8,5,2,45,14,12,90,7,141,146,178,220,108,4,97,108,192,73,111,71,94,112,126,1,1,0,0,0,0,2,1,0,1,0,1,3,0,0,3,0,0
"227",236,26,2014-06-30,6,3,14,3.39428571428571,85.8842857142857,68.8614285714286,0.0978625714285714,0,0,895,6,13,3,2,45,10,16,86,10,137,149,133,199,81,5,98,86,150,65,97,71,83,113,132,2,0,0,1,0,1,1,0,1,1,0,3,2,1,4,0,1,1
"228",237,27,2014-07-07,7,3,14,3.43142857142857,88.16,70.6614285714286,0.0930369342857143,0,0,945,1,4,5,3,49,9,5,81,7,139,135,157,229,117,4,98,119,147,72,112,83,71,89,153,1,0,0,0,0,0,0,0,0,1,0,1,0,0,2,0,0,0
"229",238,28,2014-07-14,7,3,14,3.49142857142857,83.9942857142857,69.35,0.188554178571429,0,0,964,9,6,1,0,43,8,10,84,14,147,145,162,228,103,4,120,109,160,75,102,71,83,100,144,3,0,1,1,0,1,1,2,0,2,0,1,1,0,1,1,0,0
"230",239,29,2014-07-21,7,3,14,3.57142857142857,83.6728571428572,68.7457142857143,0.0437288214285714,0,0,999,2,16,4,2,49,13,12,92,4,138,155,166,248,92,6,92,122,171,93,116,60,115,117,113,1,0,0,1,0,0,0,0,0,3,0,2,4,0,1,4,0,2
"231",240,30,2014-07-28,7,3,14,3.68285714285714,79.7128571428571,63.5,0.0688018871428571,0,0,931,6,22,1,1,37,8,10,108,8,125,123,140,253,83,6,99,119,130,75,118,94,77,100,117,2,2,0,1,0,0,1,0,0,6,2,4,5,0,0,2,3,0
"232",241,31,2014-08-04,8,3,14,3.80571428571429,81.14,65.3,0.0790662085714286,0,0,941,6,8,12,4,47,17,12,78,7,144,124,149,234,95,4,115,99,148,61,115,82,75,109,137,1,0,0,1,0,3,0,1,0,0,0,0,2,1,2,0,2,1
"233",242,32,2014-08-11,8,3,14,3.95,79.0828571428572,63.6671428571429,0.535150785714286,0,0,921,5,8,5,2,52,12,14,76,7,127,140,138,238,92,5,85,122,178,69,88,56,99,107,117,1,0,3,0,0,0,1,0,0,0,0,1,4,0,0,2,0,1
"234",243,33,2014-08-18,8,3,14,4.10857142857143,79.6485714285714,67.4985714285714,0.0324352557142857,0,0,896,8,11,3,3,71,13,9,78,8,101,128,155,216,89,3,83,111,156,65,109,71,76,96,129,0,2,3,1,1,0,0,1,0,1,0,2,1,0,4,2,0,1
"235",244,34,2014-08-25,8,3,14,4.27714285714286,81.6542857142857,64.5028571428571,0.00112485714285714,0,0.714285714285714,947,4,11,4,7,71,14,7,92,9,153,125,124,236,83,7,91,86,154,70,109,84,103,115,135,0,1,1,1,0,1,0,0,0,3,1,2,0,1,1,2,0,1
"236",245,35,2014-09-01,9,4,14,4.46142857142857,86.6428571428571,70.2757142857143,0.0792068157142857,0,0.571428571428571,997,6,7,6,6,68,9,8,103,5,183,139,146,230,81,0,107,97,163,91,86,81,103,143,125,3,0,0,0,1,1,1,0,0,0,1,1,1,0,1,1,2,0
"237",246,36,2014-09-08,9,4,14,4.65,75.4314285714286,62.33,0.01082675,0,0.714285714285714,880,1,9,3,2,43,14,7,77,6,137,135,117,250,73,6,89,112,100,83,92,62,94,128,118,0,0,0,0,0,0,1,0,0,1,1,0,1,1,0,2,2,1
"238",247,37,2014-09-15,9,4,14,4.83857142857143,72.9242857142857,57.0714285714286,0.000421821428571429,0,0.714285714285714,941,5,3,6,1,50,19,6,87,8,149,148,131,258,68,2,95,122,144,68,106,71,75,129,131,0,0,2,0,2,0,0,0,1,2,1,0,0,0,0,0,0,0
"239",248,38,2014-09-22,9,4,14,5.02857142857143,72.77,56.93,0.218362892857143,0,0.714285714285714,959,6,6,4,3,85,12,9,78,6,142,143,114,243,99,9,90,114,152,66,117,69,94,142,115,1,1,1,0,0,1,0,0,2,1,1,3,0,0,1,0,0,0
"240",249,39,2014-09-29,9,4,14,5.21714285714286,71.5228571428571,57.2771428571429,0.0597580357142857,0,0.714285714285714,953,4,6,9,2,61,21,15,96,18,151,136,132,233,65,4,99,105,156,61,118,82,85,115,132,1,0,1,0,0,1,0,0,1,2,0,1,0,0,2,0,0,1
"241",250,40,2014-10-06,10,4,14,5.39714285714286,65.66,50.9257142857143,0.100815321428571,0,0.714285714285714,900,9,9,4,4,68,11,14,65,11,141,152,126,201,80,5,99,101,163,51,109,50,98,104,125,3,0,3,2,0,0,0,0,1,3,1,1,1,1,1,1,0,0
"242",251,41,2014-10-13,10,4,14,5.57285714285714,68.4885714285714,56.2871428571429,0.183351714285714,0,0.571428571428571,940,1,5,5,3,57,26,11,81,15,147,159,146,196,82,6,115,97,164,69,103,59,78,116,139,0,0,0,0,0,1,0,0,0,0,0,0,1,0,0,2,2,0
"243",252,42,2014-10-20,10,4,14,5.73285714285714,63.6542857142857,48.7271428571429,0.292603464285714,0,0.714285714285714,989,3,9,5,4,72,21,7,77,19,139,165,170,211,79,8,77,104,182,76,116,90,106,104,134,2,0,1,0,0,0,0,0,0,0,0,1,1,1,1,2,2,1
"244",253,43,2014-10-27,10,4,14,6.02714285714286,61.7257142857143,45.95,0.0170134642857143,0,0.714285714285714,971,5,5,10,0,57,12,8,87,7,130,177,141,236,94,2,119,94,166,68,120,81,71,113,139,1,0,2,0,0,1,1,0,0,2,0,0,1,0,0,0,1,1
"245",254,44,2014-11-03,11,4,14,7.01714285714286,57.9071428571429,42.6971428571429,0.105967167142857,0,0.714285714285714,863,3,10,4,6,57,12,10,86,11,123,135,133,185,83,5,81,122,163,54,90,61,82,95,115,0,0,0,0,0,0,2,1,0,2,0,2,2,0,3,0,1,0
"246",255,45,2014-11-10,11,4,14,7.12428571428571,52.5971428571429,36.1528571428571,0.0109673571428571,0,0.714285714285714,873,2,8,3,5,64,15,8,79,14,151,134,102,193,86,9,93,116,144,69,97,63,87,83,121,1,0,0,0,0,0,1,0,0,1,1,2,0,0,2,2,0,0
"247",256,46,2014-11-17,11,4,14,7.20857142857143,43.4171428571429,26.96,0.153638612857143,0,0.714285714285714,896,4,5,7,2,51,14,9,77,15,134,147,127,207,90,7,102,99,152,75,93,58,100,104,112,0,1,2,0,1,0,0,0,0,2,0,0,1,1,0,1,0,0
"248",257,47,2014-11-24,11,4,14,7.26714285714286,51.1442857142857,36.77,0.168166142857143,0.140607142857143,0.714285714285714,857,2,8,3,6,70,11,10,80,4,119,148,119,192,79,6,98,102,157,76,86,45,86,72,135,1,0,0,0,0,1,0,0,0,1,0,0,5,0,0,1,0,1
"249",258,48,2014-12-01,12,1,14,7.29428571428571,49.3442857142857,35.9471428571429,0.141073958571429,0,0.714285714285714,861,4,8,6,4,55,10,14,74,8,131,147,117,217,66,0,82,112,155,74,90,73,79,74,122,1,0,0,0,1,1,1,0,0,0,2,1,0,0,2,1,2,0
"250",259,49,2014-12-08,12,1,14,7.29428571428571,42.6457142857143,32.3728571428571,0.0934587557142857,0.0506185714285714,0.714285714285714,854,3,9,7,6,70,16,11,80,5,124,141,141,175,62,4,94,77,157,91,78,71,80,79,127,0,0,0,0,0,2,1,0,0,4,0,0,4,0,1,0,0,0
"251",260,50,2014-12-15,12,1,14,7.26428571428571,43.9828571428571,33.2985714285714,0.0424633571428571,0,0.714285714285714,867,3,6,1,6,57,20,3,66,16,101,159,133,212,82,2,101,105,132,75,91,81,75,68,139,1,0,1,1,0,0,0,0,0,0,0,0,2,0,0,1,2,1
"252",261,51,2014-12-22,12,1,14,7.20285714285714,51.5685714285714,36.0114285714286,0.190145851428571,0,0.285714285714286,787,3,8,3,5,42,17,5,65,5,125,114,128,179,86,2,72,99,128,65,70,60,80,90,123,0,0,0,1,0,0,1,1,0,2,0,1,2,0,0,3,0,0
"253",262,52,2014-12-29,12,1,14,7.11714285714286,43.8028571428571,31.3957142857143,0.15992094,0,0,756,7,5,5,6,63,19,15,62,4,92,122,93,172,88,3,75,73,129,77,62,56,94,68,122,0,2,2,1,0,0,1,1,0,0,0,3,0,0,1,0,1,0
"254",263,1,2015-01-05,1,1,15,7.01714285714286,32.72,16.7514285714286,0.0391394042857143,0.452755,0.714285714285714,660,5,6,2,4,33,12,8,54,9,102,95,80,175,71,4,84,73,135,49,60,47,53,68,91,0,0,2,1,1,0,1,0,0,1,1,0,2,0,0,2,0,0
"255",264,2,2015-01-12,1,1,15,6.89285714285714,37.1428571428571,24.2985714285714,0.117451958571429,0,0.714285714285714,906,4,10,6,2,36,25,9,85,10,107,152,135,228,94,3,86,98,154,70,84,120,72,102,120,0,0,1,1,0,0,2,0,0,0,1,1,4,0,2,0,2,0
"256",265,3,2015-01-19,1,1,15,6.76285714285714,41.9385714285714,30.4057142857143,0.182508071428571,0.334645,0.571428571428571,858,2,6,2,9,45,22,11,68,11,115,149,128,194,91,5,119,81,126,60,102,82,81,82,125,0,0,2,0,0,0,0,0,0,0,1,0,1,0,1,3,0,0
"257",266,4,2015-01-26,1,1,15,6.62571428571429,36.05,21.6114285714286,0.0296681071428571,0.195912617172857,0.714285714285714,819,9,10,3,2,39,16,9,78,9,131,136,110,192,72,3,71,93,166,58,76,67,78,94,116,2,0,1,1,1,1,1,1,1,1,0,0,1,0,2,2,1,3
"258",267,5,2015-02-02,2,1,15,6.48714285714286,41.0128571428571,22.3442857142857,0.0603710828571429,0.0871764285714286,0.714285714285714,694,1,1,4,1,40,8,5,66,11,135,101,91,156,66,8,72,85,112,49,64,72,72,85,83,0,0,0,0,0,0,0,0,1,0,0,0,1,0,0,0,0,0
"259",268,6,2015-02-09,2,1,15,6.35285714285714,37.2971428571429,19.5157142857143,0.03224403,0.222159285714286,0.714285714285714,689,4,5,1,4,44,11,5,59,19,117,102,79,181,58,0,83,76,111,56,85,55,62,66,95,2,0,0,1,0,0,1,0,0,2,0,0,1,0,0,1,0,1
"260",269,7,2015-02-16,2,1,15,6.21857142857143,24.5685714285714,8.66428571428571,0.203784744285714,1.76883785714286,0.428571428571429,542,2,3,3,0,22,7,4,45,10,96,81,47,136,85,1,60,57,94,43,61,54,53,57,63,1,0,0,0,0,1,0,0,0,0,1,0,1,0,0,1,0,0
"261",270,8,2015-02-23,2,1,15,6.08714285714286,32.7585714285714,17.3685714285714,0.0362766428571429,0.148106194225714,0.714285714285714,643,4,6,4,2,32,9,3,59,6,117,83,77,184,56,1,61,89,148,46,75,49,42,51,82,0,0,2,0,1,0,1,0,0,0,0,5,0,0,1,0,0,0
"262",271,9,2015-03-02,3,2,15,5.82428571428571,38.57,22.1771428571429,0.26106247,1.18016261717286,0.714285714285714,602,3,6,6,4,35,18,8,61,3,102,86,71,135,61,3,65,67,93,56,76,56,61,67,61,0,1,0,1,1,0,0,0,0,0,0,0,2,1,2,1,0,0
"263",272,10,2015-03-09,3,2,15,4.84714285714286,53.5228571428571,37.1942857142857,0.197271821428571,0,0.714285714285714,796,3,8,7,7,46,10,11,66,10,127,122,119,197,61,2,83,114,152,46,87,71,68,82,93,0,1,2,0,0,0,0,0,0,2,1,2,0,0,1,1,1,0
"264",273,11,2015-03-16,3,2,15,4.71714285714286,52.4171428571429,33.5042857142857,0.0809897142857143,0.307460954255714,0.714285714285714,814,1,6,6,2,45,11,10,89,6,132,124,109,200,68,5,83,115,111,64,95,59,101,90,96,0,0,0,0,0,1,0,0,0,2,0,0,1,1,0,2,0,0
"265",274,12,2015-03-23,3,2,15,4.60428571428571,48.3542857142857,31.0357142857143,0.142435035714286,0,0.714285714285714,818,6,5,6,2,35,9,2,83,12,136,135,122,193,69,3,59,117,152,63,102,63,79,92,90,0,0,0,2,0,0,3,1,0,0,0,0,2,0,0,1,1,1
"266",275,13,2015-03-30,3,2,15,4.5,62.9214285714286,40.3571428571429,0.01598422,0,0.571428571428571,788,5,11,2,1,35,4,10,76,4,153,115,85,207,72,8,86,86,135,90,79,56,70,81,105,0,0,1,2,0,1,1,0,0,0,0,0,7,0,1,3,0,0
"267",276,14,2015-04-06,4,2,15,4.38285714285714,60.5171428571429,42.7871428571429,0.106158392857143,0,0,732,3,3,9,8,33,7,9,61,6,111,102,111,194,71,4,79,108,139,43,97,58,52,73,83,0,0,0,1,0,0,0,2,0,0,0,0,0,0,2,0,1,0
"268",277,15,2015-04-13,4,2,15,4.26714285714286,70.9957142857143,52.4942857142857,0.0634138214285714,0,0.571428571428571,854,4,6,9,4,45,9,7,82,13,141,136,128,200,68,2,72,131,145,78,101,71,69,85,100,1,2,0,0,0,0,1,0,0,1,1,0,1,0,0,1,0,2
"269",278,16,2015-04-20,4,2,15,4.15,63.3585714285714,44.5614285714286,0.243064755714286,0,0.714285714285714,867,7,9,6,4,53,14,3,92,16,139,157,122,160,80,5,91,96,139,75,114,55,76,94,127,2,0,1,0,0,0,2,1,1,0,0,0,5,0,2,1,1,0
"270",279,17,2015-04-27,4,2,15,4.03285714285714,68.0642857142857,49.2671428571429,0,0,0.714285714285714,1063,9,14,5,15,48,21,11,104,6,106,399,75,140,77,33,106,116,168,142,108,87,102,102,132,3,0,0,2,0,0,1,2,1,4,0,3,2,0,0,2,1,2
"271",280,18,2015-05-04,5,2,15,3.91714285714286,80.6257142857143,61.43,0.000703035714285714,0,0.714285714285714,949,9,21,8,8,51,13,18,116,8,160,141,113,189,86,8,97,105,157,88,94,103,85,99,120,3,0,0,2,1,1,0,1,1,2,0,2,10,1,2,2,1,1
"272",281,19,2015-05-11,5,2,15,3.81,77.4242857142857,60.0028571428571,0.0731157142857143,0,0.714285714285714,968,9,20,8,4,37,17,10,102,8,145,171,134,189,112,2,108,134,156,67,97,88,71,103,144,0,2,2,2,0,1,1,1,0,0,0,3,4,1,7,0,3,2
"273",282,20,2015-05-18,5,2,15,3.70428571428571,73.9271428571429,56.3514285714286,0.2933065,0,0.714285714285714,1028,10,33,4,2,100,30,9,129,9,132,157,130,163,110,10,110,144,175,72,105,99,90,99,133,0,0,2,2,1,1,3,1,0,0,0,4,10,2,11,3,2,1
"274",283,21,2015-05-25,5,2,15,3.60714285714286,84.47,67.2285714285714,0.00492125,0,0.571428571428571,1121,10,23,6,5,95,21,4,106,17,146,155,142,233,154,4,122,171,155,89,107,85,101,125,165,1,1,2,1,0,2,2,1,0,2,3,1,8,0,3,5,1,0
"275",284,22,2015-06-01,6,3,15,3.52714285714286,71.9471428571429,59.3985714285714,0.23421213,0,0.714285714285714,1052,10,12,7,3,59,13,11,108,15,145,151,161,221,129,7,106,105,187,85,114,80,90,130,155,2,1,3,0,2,0,1,1,0,0,0,1,2,0,4,2,3,0
"276",285,23,2015-06-08,6,3,15,3.46142857142857,86.0128571428571,69.5942857142857,0.139105458571429,0,0.714285714285714,1099,9,16,5,1,79,16,12,109,11,136,155,147,243,155,5,105,149,174,82,99,85,104,127,174,0,1,0,1,0,3,3,1,0,1,1,0,5,1,4,2,2,0
"277",286,24,2015-06-15,6,3,15,3.41285714285714,85.8457142857143,71.4328571428571,0.24976328,0,0,1050,3,17,9,7,67,18,11,95,11,151,132,162,199,167,1,101,149,151,86,104,79,102,112,164,0,0,1,1,0,1,0,0,0,4,1,3,4,1,1,1,2,0
"278",287,25,2015-06-22,6,3,15,3.38571428571429,81.9885714285714,67.4085714285714,0.66684906,0,0,1086,6,11,5,4,47,43,8,106,7,155,129,164,213,181,7,115,130,169,116,113,82,102,114,145,1,0,1,1,0,1,1,0,1,0,1,0,3,1,4,1,1,0
"279",288,26,2015-06-29,6,3,15,3.39142857142857,79.2242857142857,65.5571428571428,0.0972551485714286,0,0,1060,5,27,8,8,79,31,7,133,14,140,145,137,182,134,10,82,140,168,77,97,104,96,140,156,1,0,0,1,0,1,1,1,0,4,0,3,3,1,8,3,3,2
"280",289,27,2015-07-06,7,3,15,3.42428571428571,85.64,72.77,0.155230285714286,0,0,1076,17,20,6,9,92,19,8,114,4,137,145,156,188,157,4,98,149,152,93,123,85,94,116,166,2,1,2,5,0,4,2,1,0,2,1,3,3,3,4,1,1,2
"281",290,28,2015-07-13,7,3,15,3.48142857142857,87.3628571428572,73.1557142857143,0.180961392857143,0,0,1042,6,16,1,7,86,15,8,111,9,132,144,157,204,142,4,94,146,147,63,111,100,105,117,158,1,0,2,1,0,1,1,0,0,6,1,0,0,1,4,1,1,2
"282",291,29,2015-07-20,7,3,15,3.55714285714286,88.2242857142857,73.0528571428571,0.0105455357142857,0,0,1087,10,21,3,6,68,21,10,123,14,143,173,129,230,129,7,104,154,157,76,130,105,100,109,151,2,1,1,3,1,1,1,0,0,0,6,0,3,1,4,6,0,1
"283",292,30,2015-07-27,7,3,15,3.66714285714286,91.3485714285714,75.4185714285714,0.219206535714286,0,0,1075,11,18,3,6,67,19,10,96,8,141,170,127,218,174,7,122,130,164,93,110,77,106,114,159,1,0,1,4,0,0,3,2,0,0,8,0,3,0,2,4,0,1
"284",293,31,2015-08-03,8,3,15,3.78571428571429,87.6328571428571,70.52,0.0464903457142857,0,0,1043,7,14,3,3,62,13,8,94,11,135,153,168,221,150,1,106,113,177,69,98,105,110,116,149,3,1,0,0,0,3,0,0,0,3,0,0,0,0,3,3,4,1
"285",294,32,2015-08-10,8,3,15,3.92857142857143,84.9328571428571,68.5142857142857,0.0591449885714286,0,0,961,8,15,13,6,60,20,9,93,11,137,129,139,190,129,2,83,108,152,80,119,70,79,106,163,0,3,1,1,1,0,0,0,2,3,0,1,2,1,3,3,0,2
"286",295,33,2015-08-17,8,3,15,4.08571428571429,88.43,72.1271428571429,0.0617265357142857,0,0,1073,8,13,1,5,66,18,9,101,7,130,167,162,222,156,8,104,111,155,80,122,79,107,147,168,1,1,0,3,0,0,2,0,1,0,3,3,1,1,0,2,3,0
"287",296,34,2015-08-24,8,3,15,4.25285714285714,84.7914285714286,67.2157142857143,0.27066875,0,0,1042,7,17,8,11,73,15,8,99,13,104,180,151,223,128,5,85,114,152,89,122,72,109,116,183,0,0,1,1,0,1,3,0,1,1,0,3,1,1,0,8,2,1
"288",297,35,2015-08-31,8,3,15,4.43571428571429,91.0014285714286,74.5057142857143,0.00815521428571429,0,0.571428571428571,991,6,21,5,3,51,18,10,81,20,140,148,136,222,124,6,80,142,168,72,110,74,96,103,146,0,1,0,1,1,0,2,1,0,0,1,5,2,0,1,8,3,1
"289",298,36,2015-09-07,9,4,15,4.62142857142857,85.55,69.3628571428571,0.388171327142857,0,0.571428571428571,1048,6,12,4,3,73,8,7,123,11,150,162,148,194,144,3,83,129,180,93,104,78,86,114,179,1,0,0,1,0,2,1,0,1,1,0,0,3,0,4,2,2,0
"290",299,37,2015-09-14,9,4,15,4.81142857142857,81.5,61.5457142857143,0.000703035714285714,0,0.714285714285714,1039,7,12,4,2,80,15,3,116,15,127,162,164,215,109,8,89,118,164,90,128,76,93,116,165,1,0,2,2,0,2,0,0,0,3,3,2,3,0,0,0,1,0
"291",300,38,2015-09-21,9,4,15,5,72.2171428571429,60.2471428571429,0.00646792857142857,0,0.714285714285714,1003,5,13,8,6,71,23,1,84,13,140,173,141,222,95,8,110,137,152,58,128,83,104,94,137,1,1,0,0,2,0,0,1,0,0,1,0,1,2,3,1,5,0
"292",301,39,2015-09-28,9,4,15,5.19142857142857,71.3557142857143,59.6428571428571,0.505015862857143,0,0.714285714285714,892,11,11,3,5,52,16,4,66,11,115,162,133,197,103,3,88,94,137,77,85,46,101,102,160,2,0,3,3,0,1,1,1,0,4,1,2,0,0,0,1,2,1
"293",302,40,2015-10-05,10,4,15,5.37285714285714,72.9885714285714,56.0814285714286,0.0344037557142857,0,0.714285714285714,977,5,9,8,2,74,12,8,96,12,145,160,118,214,109,5,98,124,153,84,102,72,91,100,151,0,0,2,1,1,0,0,1,0,0,0,0,6,0,1,1,1,0
"294",303,41,2015-10-12,10,4,15,5.54714285714286,65.0685714285714,48.7014285714286,0,0,0.428571428571429,864,8,6,4,4,51,7,4,67,8,140,149,130,201,80,5,68,96,134,63,91,79,87,102,144,1,0,1,1,1,3,0,1,0,1,0,1,0,0,1,1,2,0
"295",304,42,2015-10-19,10,4,15,5.71142857142857,65.6342857142857,43.8671428571429,0.00210910714285714,0,0.714285714285714,951,9,16,4,5,59,12,5,91,7,135,156,133,219,95,5,103,119,151,84,84,76,66,104,164,2,0,1,2,0,2,1,1,0,2,1,1,3,1,3,1,4,0
"296",305,43,2015-10-26,10,4,15,6.00571428571429,63.9371428571429,46.3742857142857,0.106861428571429,0,0.714285714285714,940,5,6,8,6,60,11,7,84,16,142,145,145,200,103,2,82,112,148,76,105,84,77,95,158,1,0,1,0,0,2,0,0,1,0,0,2,1,0,3,0,0,0
"297",306,44,2015-11-02,11,4,15,7,50.4114285714286,41.8357142857143,0.0391562771428571,0,0.714285714285714,942,10,13,2,8,57,23,3,59,11,155,154,146,189,105,7,76,127,123,92,100,68,103,88,165,1,0,3,3,0,0,2,1,0,4,2,3,1,1,0,0,1,1
"298",307,45,2015-11-09,11,4,15,7.11,34.79,36.68,0.0611078642857143,0.0224971428571429,0.714285714285714,872,8,16,4,5,69,19,7,77,8,117,136,113,194,94,5,75,94,111,82,89,87,77,87,169,1,0,1,1,0,1,2,1,1,2,1,2,3,1,0,3,1,3
"299",308,46,2015-11-16,11,4,15,7.2,33.8675,35.5775,0.0330708,0.059055,0.714285714285714,969,7,11,6,7,77,21,12,71,15,115,159,150,214,99,5,99,94,147,84,132,72,102,86,151,0,0,2,1,0,1,2,1,0,1,0,2,4,1,0,0,2,1
"300",309,47,2015-11-23,11,4,15,7.26,34.538,34.466,0.011811,0.11811,0.428571428571429,850,2,10,2,5,61,15,10,76,11,125,164,129,157,81,2,67,101,100,61,114,69,119,102,117,0,0,0,0,0,0,1,1,0,1,3,1,0,1,0,2,2,0
"301",310,48,2015-11-30,11,4,15,7.29142857142857,33.6425,34.205,0.026082625,0.0885825,0.714285714285714,780,11,6,7,6,51,14,12,54,14,106,122,97,191,82,7,69,83,111,60,82,80,82,94,119,0,2,0,1,2,2,2,2,0,0,0,0,2,0,1,1,2,0
"302",311,49,2015-12-07,12,1,15,7.29714285714286,33.836,35.294,0.0174540333333333,0.098425,0.714285714285714,918,3,15,2,8,70,12,6,100,13,142,157,121,173,89,7,107,105,139,71,91,77,112,78,138,1,1,0,1,0,0,0,0,0,4,2,1,1,0,4,1,1,1
"303",312,50,2015-12-14,12,1,15,7.26857142857143,37.085,36.275,0.03562985,0.0492125,0.714285714285714,886,10,14,3,4,68,18,7,77,5,121,199,130,159,70,1,81,94,166,62,107,88,98,96,93,1,0,0,2,3,3,0,0,1,2,1,0,2,1,2,3,1,2
"304",313,51,2015-12-21,12,1,15,7.21428571428571,36.4485714285714,34.9314285714286,0.103711828571429,0.0562428571428571,0.428571428571429,824,3,9,2,14,91,22,4,54,8,134,146,99,150,86,2,93,89,118,76,68,63,94,93,130,0,0,1,1,0,0,0,0,1,1,0,0,4,1,1,1,0,1
"305",314,52,2015-12-28,12,1,15,7.155,34.88,36.284,0.0639434416666667,0.177165,0,684,7,9,1,3,45,19,6,73,5,100,116,109,128,61,2,57,78,116,64,65,49,72,83,100,1,0,0,2,0,4,0,0,0,0,1,3,2,0,1,1,0,1
